target url,open air photo booth rental in Culver City,"=HYPERLINK(""https://sites.google.com/view/photobooth-rental-culver-city/culver-city-photo-booths"", IMAGE(""https://api.qrserver.com/v1/create-qr-code/?size=150x150&data=https://sites.google.com/view/photobooth-rental-culver-city/culver-city-photo-booths"",1))",https://sites.google.com/view/photobooth-rental-culver-city/culver-city-photo-booths,"=HYPERLINK(""https://sites.google.com/view/photobooth-rental-culver-city/culver-city-photo-booths"",""open air photo booth rental in Culver City"")",,
folder top,open air photo booth rental in Culver City,"=HYPERLINK(""https://drive.google.com/drive/folders/1PhZdXqmI-quI6RU86HSPxmc4Udq7twSz?usp=sharing"", IMAGE(""https://api.qrserver.com/v1/create-qr-code/?size=150x150&data=https://drive.google.com/drive/folders/1PhZdXqmI-quI6RU86HSPxmc4Udq7twSz?usp=sharing"",1))",https://drive.google.com/drive/folders/1PhZdXqmI-quI6RU86HSPxmc4Udq7twSz?usp=sharing,"=HYPERLINK(""https://drive.google.com/drive/folders/1PhZdXqmI-quI6RU86HSPxmc4Udq7twSz?usp=sharing"",""open air photo booth rental in Culver City"")",,
rss feed,open air photo booth rental in Culver City,"=HYPERLINK("" https://news.google.com/rss/search?q=photoboothrental"", IMAGE(""https://api.qrserver.com/v1/create-qr-code/?size=150x150&data= https://news.google.com/rss/search?q=photoboothrental"",1))", https://news.google.com/rss/search?q=photoboothrental,"=HYPERLINK("" https://news.google.com/rss/search?q=photoboothrental"",""open air photo booth rental in Culver City"")",,
folder articles,open air photo booth rental in Culver City Articles,"=HYPERLINK(""https://drive.google.com/drive/folders/1AxJybODOpKopy7r1iFa0oo_9Qi9dqLtp?usp=sharing"", IMAGE(""https://api.qrserver.com/v1/create-qr-code/?size=150x150&data=https://drive.google.com/drive/folders/1AxJybODOpKopy7r1iFa0oo_9Qi9dqLtp?usp=sharing"",1))",https://drive.google.com/drive/folders/1AxJybODOpKopy7r1iFa0oo_9Qi9dqLtp?usp=sharing,"=HYPERLINK(""https://drive.google.com/drive/folders/1AxJybODOpKopy7r1iFa0oo_9Qi9dqLtp?usp=sharing"",""open air photo booth rental in Culver City Articles"")",,
folder photos,open air photo booth rental in Culver City Photos,"=HYPERLINK(""https://drive.google.com/drive/folders/1t1vPNWu3xTJNIkg-F1mdAOAxN7F0uKx4?usp=sharing"", IMAGE(""https://api.qrserver.com/v1/create-qr-code/?size=150x150&data=https://drive.google.com/drive/folders/1t1vPNWu3xTJNIkg-F1mdAOAxN7F0uKx4?usp=sharing"",1))",https://drive.google.com/drive/folders/1t1vPNWu3xTJNIkg-F1mdAOAxN7F0uKx4?usp=sharing,"=HYPERLINK(""https://drive.google.com/drive/folders/1t1vPNWu3xTJNIkg-F1mdAOAxN7F0uKx4?usp=sharing"",""open air photo booth rental in Culver City Photos"")",,
folder pdfs,open air photo booth rental in Culver City PDFs,"=HYPERLINK(""https://drive.google.com/drive/folders/1uxD1JGo0ccw74M30cHAvCEoajmVd9D-K?usp=sharing"", IMAGE(""https://api.qrserver.com/v1/create-qr-code/?size=150x150&data=https://drive.google.com/drive/folders/1uxD1JGo0ccw74M30cHAvCEoajmVd9D-K?usp=sharing"",1))",https://drive.google.com/drive/folders/1uxD1JGo0ccw74M30cHAvCEoajmVd9D-K?usp=sharing,"=HYPERLINK(""https://drive.google.com/drive/folders/1uxD1JGo0ccw74M30cHAvCEoajmVd9D-K?usp=sharing"",""open air photo booth rental in Culver City PDFs"")",,
folder slides,open air photo booth rental in Culver City Slides,"=HYPERLINK(""https://drive.google.com/drive/folders/1iKKFfIX1Ey1WyJDZRjMPO4IMKiCaSOAI?usp=sharing"", IMAGE(""https://api.qrserver.com/v1/create-qr-code/?size=150x150&data=https://drive.google.com/drive/folders/1iKKFfIX1Ey1WyJDZRjMPO4IMKiCaSOAI?usp=sharing"",1))",https://drive.google.com/drive/folders/1iKKFfIX1Ey1WyJDZRjMPO4IMKiCaSOAI?usp=sharing,"=HYPERLINK(""https://drive.google.com/drive/folders/1iKKFfIX1Ey1WyJDZRjMPO4IMKiCaSOAI?usp=sharing"",""open air photo booth rental in Culver City Slides"")",,
photo,open air photo booth rental in Culver City,"=HYPERLINK(""https://drive.google.com/file/d/1kedYz3aSZdOeoS4y-dVRbz4kTSz_a6le/view?usp=sharing"", IMAGE(""https://api.qrserver.com/v1/create-qr-code/?size=150x150&data=https://drive.google.com/file/d/1kedYz3aSZdOeoS4y-dVRbz4kTSz_a6le/view?usp=sharing"",1))",https://drive.google.com/file/d/1kedYz3aSZdOeoS4y-dVRbz4kTSz_a6le/view?usp=sharing,"=HYPERLINK(""https://drive.google.com/file/d/1kedYz3aSZdOeoS4y-dVRbz4kTSz_a6le/view?usp=sharing"",""open air photo booth rental in Culver City"")",,
photo,open air photo booth rental in Culver City,"=HYPERLINK(""https://drive.google.com/file/d/1-P3Z2hSZm8nrSRxS0pI0-Yzg7OFrnHF6/view?usp=sharing"", IMAGE(""https://api.qrserver.com/v1/create-qr-code/?size=150x150&data=https://drive.google.com/file/d/1-P3Z2hSZm8nrSRxS0pI0-Yzg7OFrnHF6/view?usp=sharing"",1))",https://drive.google.com/file/d/1-P3Z2hSZm8nrSRxS0pI0-Yzg7OFrnHF6/view?usp=sharing,"=HYPERLINK(""https://drive.google.com/file/d/1-P3Z2hSZm8nrSRxS0pI0-Yzg7OFrnHF6/view?usp=sharing"",""open air photo booth rental in Culver City"")",,
spreadsheet,open air photo booth rental in Culver City,"=HYPERLINK(""https://docs.google.com/spreadsheets/d/1zWD9ORSzSwuLi5tgaFrRn_v66hbfnUoRBArFbf__jXE/edit?usp=sharing"", IMAGE(""https://api.qrserver.com/v1/create-qr-code/?size=150x150&data=https://docs.google.com/spreadsheets/d/1zWD9ORSzSwuLi5tgaFrRn_v66hbfnUoRBArFbf__jXE/edit?usp=sharing"",1))",https://docs.google.com/spreadsheets/d/1zWD9ORSzSwuLi5tgaFrRn_v66hbfnUoRBArFbf__jXE/edit?usp=sharing,"=HYPERLINK(""https://docs.google.com/spreadsheets/d/1zWD9ORSzSwuLi5tgaFrRn_v66hbfnUoRBArFbf__jXE/edit?usp=sharing"",""open air photo booth rental in Culver City"")",,
spreadsheet key,open air photo booth rental in Culver City key,"=HYPERLINK(""https://docs.google.com/spreadsheet/pub?key=1zWD9ORSzSwuLi5tgaFrRn_v66hbfnUoRBArFbf__jXE"", IMAGE(""https://api.qrserver.com/v1/create-qr-code/?size=150x150&data=https://docs.google.com/spreadsheet/pub?key=1zWD9ORSzSwuLi5tgaFrRn_v66hbfnUoRBArFbf__jXE"",1))",https://docs.google.com/spreadsheet/pub?key=1zWD9ORSzSwuLi5tgaFrRn_v66hbfnUoRBArFbf__jXE,"=HYPERLINK(""https://docs.google.com/spreadsheets/d/1zWD9ORSzSwuLi5tgaFrRn_v66hbfnUoRBArFbf__jXE/edit?usp=sharing"",""open air photo booth rental in Culver City"")",,
spreadsheet pubhtml,open air photo booth rental in Culver City pubhtml,"=HYPERLINK(""https://docs.google.com/spreadsheets/d/1zWD9ORSzSwuLi5tgaFrRn_v66hbfnUoRBArFbf__jXE/pubhtml"", IMAGE(""https://api.qrserver.com/v1/create-qr-code/?size=150x150&data=https://docs.google.com/spreadsheets/d/1zWD9ORSzSwuLi5tgaFrRn_v66hbfnUoRBArFbf__jXE/pubhtml"",1))",https://docs.google.com/spreadsheets/d/1zWD9ORSzSwuLi5tgaFrRn_v66hbfnUoRBArFbf__jXE/pubhtml,"=HYPERLINK(""https://docs.google.com/spreadsheets/d/1zWD9ORSzSwuLi5tgaFrRn_v66hbfnUoRBArFbf__jXE/edit?usp=sharing"",""open air photo booth rental in Culver City"")",,
spreadsheet pub,open air photo booth rental in Culver City pub,"=HYPERLINK(""https://docs.google.com/spreadsheets/d/1zWD9ORSzSwuLi5tgaFrRn_v66hbfnUoRBArFbf__jXE/pub"", IMAGE(""https://api.qrserver.com/v1/create-qr-code/?size=150x150&data=https://docs.google.com/spreadsheets/d/1zWD9ORSzSwuLi5tgaFrRn_v66hbfnUoRBArFbf__jXE/pub"",1))",https://docs.google.com/spreadsheets/d/1zWD9ORSzSwuLi5tgaFrRn_v66hbfnUoRBArFbf__jXE/pub,"=HYPERLINK(""https://docs.google.com/spreadsheets/d/1zWD9ORSzSwuLi5tgaFrRn_v66hbfnUoRBArFbf__jXE/edit?usp=sharing"",""open air photo booth rental in Culver City"")",,
spreadsheet view,open air photo booth rental in Culver City view,"=HYPERLINK(""https://docs.google.com/spreadsheets/d/1zWD9ORSzSwuLi5tgaFrRn_v66hbfnUoRBArFbf__jXE/view"", IMAGE(""https://api.qrserver.com/v1/create-qr-code/?size=150x150&data=https://docs.google.com/spreadsheets/d/1zWD9ORSzSwuLi5tgaFrRn_v66hbfnUoRBArFbf__jXE/view"",1))",https://docs.google.com/spreadsheets/d/1zWD9ORSzSwuLi5tgaFrRn_v66hbfnUoRBArFbf__jXE/view,"=HYPERLINK(""https://docs.google.com/spreadsheets/d/1zWD9ORSzSwuLi5tgaFrRn_v66hbfnUoRBArFbf__jXE/edit?usp=sharing"",""open air photo booth rental in Culver City"")",,
form,open air photo booth rental in Culver City,"=HYPERLINK(""https://docs.google.com/forms/d/1ZZ1-n5zqFLiO3vXxk_6HhVVb2S2p96L8JgQAZhYJjec/edit?usp=sharing"", IMAGE(""https://api.qrserver.com/v1/create-qr-code/?size=150x150&data=https://docs.google.com/forms/d/1ZZ1-n5zqFLiO3vXxk_6HhVVb2S2p96L8JgQAZhYJjec/edit?usp=sharing"",1))",https://docs.google.com/forms/d/1ZZ1-n5zqFLiO3vXxk_6HhVVb2S2p96L8JgQAZhYJjec/edit?usp=sharing,"=HYPERLINK(""https://docs.google.com/forms/d/1ZZ1-n5zqFLiO3vXxk_6HhVVb2S2p96L8JgQAZhYJjec/edit?usp=sharing"",""open air photo booth rental in Culver City"")",,
drawing,open air photo booth rental in Culver City,"=HYPERLINK(""https://docs.google.com/drawings/d/15S8_DRcU-MAcmkIy3sTK28nKlTZNkoHUwlyXov5zrcU/edit?usp=sharing"", IMAGE(""https://api.qrserver.com/v1/create-qr-code/?size=150x150&data=https://docs.google.com/drawings/d/15S8_DRcU-MAcmkIy3sTK28nKlTZNkoHUwlyXov5zrcU/edit?usp=sharing"",1))",https://docs.google.com/drawings/d/15S8_DRcU-MAcmkIy3sTK28nKlTZNkoHUwlyXov5zrcU/edit?usp=sharing,"=HYPERLINK(""https://docs.google.com/drawings/d/15S8_DRcU-MAcmkIy3sTK28nKlTZNkoHUwlyXov5zrcU/edit?usp=sharing"",""open air photo booth rental in Culver City"")",,
image,CTA or Logo,"=HYPERLINK(""https://drive.google.com/file/d/1Ub_baxN1yIKa7z6PHbWKiQ5Hv3QmkYdb/view?usp=drivesdk"", IMAGE(""https://api.qrserver.com/v1/create-qr-code/?size=150x150&data=https://drive.google.com/file/d/1Ub_baxN1yIKa7z6PHbWKiQ5Hv3QmkYdb/view?usp=drivesdk"",1))",https://drive.google.com/file/d/1Ub_baxN1yIKa7z6PHbWKiQ5Hv3QmkYdb/view?usp=drivesdk,,,
image link,CTA or Logo - image link,"=HYPERLINK(""https://sites.google.com/view/photoboothrentallongbeach/home"", IMAGE(""https://api.qrserver.com/v1/create-qr-code/?size=150x150&data=https://sites.google.com/view/photoboothrentallongbeach/home"",1))",https://sites.google.com/view/photoboothrentallongbeach/home,,,
document,open air photo booth rental in Culver City,"=HYPERLINK(""https://docs.google.com/document/d/1fBDoo_sHS1gcI-kLtTRQZMuPyCU0apkF1y-s0luLi5k/edit?usp=sharing"", IMAGE(""https://api.qrserver.com/v1/create-qr-code/?size=150x150&data=https://docs.google.com/document/d/1fBDoo_sHS1gcI-kLtTRQZMuPyCU0apkF1y-s0luLi5k/edit?usp=sharing"",1))",https://docs.google.com/document/d/1fBDoo_sHS1gcI-kLtTRQZMuPyCU0apkF1y-s0luLi5k/edit?usp=sharing,"=HYPERLINK(""https://docs.google.com/document/d/1fBDoo_sHS1gcI-kLtTRQZMuPyCU0apkF1y-s0luLi5k/edit?usp=sharing"",""open air photo booth rental in Culver City"")",,
document pub,open air photo booth rental in Culver City pub,"=HYPERLINK(""https://docs.google.com/document/d/1fBDoo_sHS1gcI-kLtTRQZMuPyCU0apkF1y-s0luLi5k/pub"", IMAGE(""https://api.qrserver.com/v1/create-qr-code/?size=150x150&data=https://docs.google.com/document/d/1fBDoo_sHS1gcI-kLtTRQZMuPyCU0apkF1y-s0luLi5k/pub"",1))",https://docs.google.com/document/d/1fBDoo_sHS1gcI-kLtTRQZMuPyCU0apkF1y-s0luLi5k/pub,"=HYPERLINK(""https://docs.google.com/document/d/1fBDoo_sHS1gcI-kLtTRQZMuPyCU0apkF1y-s0luLi5k/edit?usp=sharing"",""open air photo booth rental in Culver City"")",,
document view,open air photo booth rental in Culver City view,"=HYPERLINK(""https://docs.google.com/document/d/1fBDoo_sHS1gcI-kLtTRQZMuPyCU0apkF1y-s0luLi5k/view"", IMAGE(""https://api.qrserver.com/v1/create-qr-code/?size=150x150&data=https://docs.google.com/document/d/1fBDoo_sHS1gcI-kLtTRQZMuPyCU0apkF1y-s0luLi5k/view"",1))",https://docs.google.com/document/d/1fBDoo_sHS1gcI-kLtTRQZMuPyCU0apkF1y-s0luLi5k/view,"=HYPERLINK(""https://docs.google.com/document/d/1fBDoo_sHS1gcI-kLtTRQZMuPyCU0apkF1y-s0luLi5k/edit?usp=sharing"",""open air photo booth rental in Culver City"")",,
presentation,open air photo booth rental in Culver City,"=HYPERLINK(""https://docs.google.com/presentation/d/1uxiHAF1ZI8thdfIs4bUqpP4mEqqTzNXmQ9ykiWqTtz8/edit?usp=sharing"", IMAGE(""https://api.qrserver.com/v1/create-qr-code/?size=150x150&data=https://docs.google.com/presentation/d/1uxiHAF1ZI8thdfIs4bUqpP4mEqqTzNXmQ9ykiWqTtz8/edit?usp=sharing"",1))",https://docs.google.com/presentation/d/1uxiHAF1ZI8thdfIs4bUqpP4mEqqTzNXmQ9ykiWqTtz8/edit?usp=sharing,"=HYPERLINK(""https://docs.google.com/presentation/d/1uxiHAF1ZI8thdfIs4bUqpP4mEqqTzNXmQ9ykiWqTtz8/edit?usp=sharing"",""open air photo booth rental in Culver City"")",,
presentation pub,open air photo booth rental in Culver City pub,"=HYPERLINK(""https://docs.google.com/presentation/d/1uxiHAF1ZI8thdfIs4bUqpP4mEqqTzNXmQ9ykiWqTtz8/pub?start=true&loop=true&delayms=3000"", IMAGE(""https://api.qrserver.com/v1/create-qr-code/?size=150x150&data=https://docs.google.com/presentation/d/1uxiHAF1ZI8thdfIs4bUqpP4mEqqTzNXmQ9ykiWqTtz8/pub?start=true&loop=true&delayms=3000"",1))",https://docs.google.com/presentation/d/1uxiHAF1ZI8thdfIs4bUqpP4mEqqTzNXmQ9ykiWqTtz8/pub?start=true&loop=true&delayms=3000,"=HYPERLINK(""https://docs.google.com/presentation/d/1uxiHAF1ZI8thdfIs4bUqpP4mEqqTzNXmQ9ykiWqTtz8/edit?usp=sharing"",""open air photo booth rental in Culver City"")",,
presentation view,open air photo booth rental in Culver City view,"=HYPERLINK(""https://docs.google.com/presentation/d/1uxiHAF1ZI8thdfIs4bUqpP4mEqqTzNXmQ9ykiWqTtz8/view"", IMAGE(""https://api.qrserver.com/v1/create-qr-code/?size=150x150&data=https://docs.google.com/presentation/d/1uxiHAF1ZI8thdfIs4bUqpP4mEqqTzNXmQ9ykiWqTtz8/view"",1))",https://docs.google.com/presentation/d/1uxiHAF1ZI8thdfIs4bUqpP4mEqqTzNXmQ9ykiWqTtz8/view,"=HYPERLINK(""https://docs.google.com/presentation/d/1uxiHAF1ZI8thdfIs4bUqpP4mEqqTzNXmQ9ykiWqTtz8/edit?usp=sharing"",""open air photo booth rental in Culver City"")",,
presentation html,open air photo booth rental in Culver City html,"=HYPERLINK(""https://docs.google.com/presentation/d/1uxiHAF1ZI8thdfIs4bUqpP4mEqqTzNXmQ9ykiWqTtz8/htmlpresent"", IMAGE(""https://api.qrserver.com/v1/create-qr-code/?size=150x150&data=https://docs.google.com/presentation/d/1uxiHAF1ZI8thdfIs4bUqpP4mEqqTzNXmQ9ykiWqTtz8/htmlpresent"",1))",https://docs.google.com/presentation/d/1uxiHAF1ZI8thdfIs4bUqpP4mEqqTzNXmQ9ykiWqTtz8/htmlpresent,"=HYPERLINK(""https://docs.google.com/presentation/d/1uxiHAF1ZI8thdfIs4bUqpP4mEqqTzNXmQ9ykiWqTtz8/edit?usp=sharing"",""open air photo booth rental in Culver City"")",,
calendar,Calendar - open air photo booth rental in Culver City,"=HYPERLINK(""https://calendar.google.com?cid=e2a4728b3343e1b999607f3a0cb4dac97500774464912aa3cd9e65511d5628c4@group.calendar.google.com"", IMAGE(""https://api.qrserver.com/v1/create-qr-code/?size=150x150&data=https://calendar.google.com?cid=e2a4728b3343e1b999607f3a0cb4dac97500774464912aa3cd9e65511d5628c4@group.calendar.google.com"",1))",https://calendar.google.com?cid=e2a4728b3343e1b999607f3a0cb4dac97500774464912aa3cd9e65511d5628c4@group.calendar.google.com,"=HYPERLINK(""https://calendar.google.com?cid=e2a4728b3343e1b999607f3a0cb4dac97500774464912aa3cd9e65511d5628c4@group.calendar.google.com"",""open air photo booth rental in Culver City"")",,
Calendar - All Day Event,Calendar - open air photo booth rental in Culver City - Event,"=HYPERLINK(""https://www.google.com/calendar/event?eid=cjE4dm5mbDhhZ29xZjhpaGtlMTNlOHFuNDQgZTJhNDcyOGIzMzQzZTFiOTk5NjA3ZjNhMGNiNGRhYzk3NTAwNzc0NDY0OTEyYWEzY2Q5ZTY1NTExZDU2MjhjNEBncm91cC5jYWxlbmRhci5nb29nbGUuY29t"", IMAGE(""https://api.qrserver.com/v1/create-qr-code/?size=150x150&data=https://www.google.com/calendar/event?eid=cjE4dm5mbDhhZ29xZjhpaGtlMTNlOHFuNDQgZTJhNDcyOGIzMzQzZTFiOTk5NjA3ZjNhMGNiNGRhYzk3NTAwNzc0NDY0OTEyYWEzY2Q5ZTY1NTExZDU2MjhjNEBncm91cC5jYWxlbmRhci5nb29nbGUuY29t"",1))",https://www.google.com/calendar/event?eid=cjE4dm5mbDhhZ29xZjhpaGtlMTNlOHFuNDQgZTJhNDcyOGIzMzQzZTFiOTk5NjA3ZjNhMGNiNGRhYzk3NTAwNzc0NDY0OTEyYWEzY2Q5ZTY1NTExZDU2MjhjNEBncm91cC5jYWxlbmRhci5nb29nbGUuY29t,"=HYPERLINK(""https://www.google.com/calendar/event?eid=cjE4dm5mbDhhZ29xZjhpaGtlMTNlOHFuNDQgZTJhNDcyOGIzMzQzZTFiOTk5NjA3ZjNhMGNiNGRhYzk3NTAwNzc0NDY0OTEyYWEzY2Q5ZTY1NTExZDU2MjhjNEBncm91cC5jYWxlbmRhci5nb29nbGUuY29t"",""open air photo booth rental in Culver City"")",,
Calendar - All Day Event,Calendar - open air photo booth rental in Culver City - Event,"=HYPERLINK(""https://www.google.com/calendar/event?eid=aXJwOXZvZWEyNjJscGUydGx0MGgxaTUza2MgZTJhNDcyOGIzMzQzZTFiOTk5NjA3ZjNhMGNiNGRhYzk3NTAwNzc0NDY0OTEyYWEzY2Q5ZTY1NTExZDU2MjhjNEBncm91cC5jYWxlbmRhci5nb29nbGUuY29t"", IMAGE(""https://api.qrserver.com/v1/create-qr-code/?size=150x150&data=https://www.google.com/calendar/event?eid=aXJwOXZvZWEyNjJscGUydGx0MGgxaTUza2MgZTJhNDcyOGIzMzQzZTFiOTk5NjA3ZjNhMGNiNGRhYzk3NTAwNzc0NDY0OTEyYWEzY2Q5ZTY1NTExZDU2MjhjNEBncm91cC5jYWxlbmRhci5nb29nbGUuY29t"",1))",https://www.google.com/calendar/event?eid=aXJwOXZvZWEyNjJscGUydGx0MGgxaTUza2MgZTJhNDcyOGIzMzQzZTFiOTk5NjA3ZjNhMGNiNGRhYzk3NTAwNzc0NDY0OTEyYWEzY2Q5ZTY1NTExZDU2MjhjNEBncm91cC5jYWxlbmRhci5nb29nbGUuY29t,"=HYPERLINK(""https://www.google.com/calendar/event?eid=aXJwOXZvZWEyNjJscGUydGx0MGgxaTUza2MgZTJhNDcyOGIzMzQzZTFiOTk5NjA3ZjNhMGNiNGRhYzk3NTAwNzc0NDY0OTEyYWEzY2Q5ZTY1NTExZDU2MjhjNEBncm91cC5jYWxlbmRhci5nb29nbGUuY29t"",""open air photo booth rental in Culver City"")",,
Calendar - All Day Event,Calendar - open air photo booth rental in Culver City - Event,"=HYPERLINK(""https://www.google.com/calendar/event?eid=ajRpb3JtNXJvMWJjM2ZqdXZkMzU1bHAxOGMgZTJhNDcyOGIzMzQzZTFiOTk5NjA3ZjNhMGNiNGRhYzk3NTAwNzc0NDY0OTEyYWEzY2Q5ZTY1NTExZDU2MjhjNEBncm91cC5jYWxlbmRhci5nb29nbGUuY29t"", IMAGE(""https://api.qrserver.com/v1/create-qr-code/?size=150x150&data=https://www.google.com/calendar/event?eid=ajRpb3JtNXJvMWJjM2ZqdXZkMzU1bHAxOGMgZTJhNDcyOGIzMzQzZTFiOTk5NjA3ZjNhMGNiNGRhYzk3NTAwNzc0NDY0OTEyYWEzY2Q5ZTY1NTExZDU2MjhjNEBncm91cC5jYWxlbmRhci5nb29nbGUuY29t"",1))",https://www.google.com/calendar/event?eid=ajRpb3JtNXJvMWJjM2ZqdXZkMzU1bHAxOGMgZTJhNDcyOGIzMzQzZTFiOTk5NjA3ZjNhMGNiNGRhYzk3NTAwNzc0NDY0OTEyYWEzY2Q5ZTY1NTExZDU2MjhjNEBncm91cC5jYWxlbmRhci5nb29nbGUuY29t,"=HYPERLINK(""https://www.google.com/calendar/event?eid=ajRpb3JtNXJvMWJjM2ZqdXZkMzU1bHAxOGMgZTJhNDcyOGIzMzQzZTFiOTk5NjA3ZjNhMGNiNGRhYzk3NTAwNzc0NDY0OTEyYWEzY2Q5ZTY1NTExZDU2MjhjNEBncm91cC5jYWxlbmRhci5nb29nbGUuY29t"",""open air photo booth rental in Culver City"")",,
Calendar - All Day Event,Calendar - open air photo booth rental in Culver City - Event,"=HYPERLINK(""https://www.google.com/calendar/event?eid=ZGFnaG1xZTIyanBjZnB1YWEwYjBqbmk3ZmsgZTJhNDcyOGIzMzQzZTFiOTk5NjA3ZjNhMGNiNGRhYzk3NTAwNzc0NDY0OTEyYWEzY2Q5ZTY1NTExZDU2MjhjNEBncm91cC5jYWxlbmRhci5nb29nbGUuY29t"", IMAGE(""https://api.qrserver.com/v1/create-qr-code/?size=150x150&data=https://www.google.com/calendar/event?eid=ZGFnaG1xZTIyanBjZnB1YWEwYjBqbmk3ZmsgZTJhNDcyOGIzMzQzZTFiOTk5NjA3ZjNhMGNiNGRhYzk3NTAwNzc0NDY0OTEyYWEzY2Q5ZTY1NTExZDU2MjhjNEBncm91cC5jYWxlbmRhci5nb29nbGUuY29t"",1))",https://www.google.com/calendar/event?eid=ZGFnaG1xZTIyanBjZnB1YWEwYjBqbmk3ZmsgZTJhNDcyOGIzMzQzZTFiOTk5NjA3ZjNhMGNiNGRhYzk3NTAwNzc0NDY0OTEyYWEzY2Q5ZTY1NTExZDU2MjhjNEBncm91cC5jYWxlbmRhci5nb29nbGUuY29t,"=HYPERLINK(""https://www.google.com/calendar/event?eid=ZGFnaG1xZTIyanBjZnB1YWEwYjBqbmk3ZmsgZTJhNDcyOGIzMzQzZTFiOTk5NjA3ZjNhMGNiNGRhYzk3NTAwNzc0NDY0OTEyYWEzY2Q5ZTY1NTExZDU2MjhjNEBncm91cC5jYWxlbmRhci5nb29nbGUuY29t"",""open air photo booth rental in Culver City"")",,
Calendar - All Day Event,Calendar - open air photo booth rental in Culver City - Event,"=HYPERLINK(""https://www.google.com/calendar/event?eid=MmpqZjdsdDRjYWZjZGRyaHJjMjNhbTZwcXMgZTJhNDcyOGIzMzQzZTFiOTk5NjA3ZjNhMGNiNGRhYzk3NTAwNzc0NDY0OTEyYWEzY2Q5ZTY1NTExZDU2MjhjNEBncm91cC5jYWxlbmRhci5nb29nbGUuY29t"", IMAGE(""https://api.qrserver.com/v1/create-qr-code/?size=150x150&data=https://www.google.com/calendar/event?eid=MmpqZjdsdDRjYWZjZGRyaHJjMjNhbTZwcXMgZTJhNDcyOGIzMzQzZTFiOTk5NjA3ZjNhMGNiNGRhYzk3NTAwNzc0NDY0OTEyYWEzY2Q5ZTY1NTExZDU2MjhjNEBncm91cC5jYWxlbmRhci5nb29nbGUuY29t"",1))",https://www.google.com/calendar/event?eid=MmpqZjdsdDRjYWZjZGRyaHJjMjNhbTZwcXMgZTJhNDcyOGIzMzQzZTFiOTk5NjA3ZjNhMGNiNGRhYzk3NTAwNzc0NDY0OTEyYWEzY2Q5ZTY1NTExZDU2MjhjNEBncm91cC5jYWxlbmRhci5nb29nbGUuY29t,"=HYPERLINK(""https://www.google.com/calendar/event?eid=MmpqZjdsdDRjYWZjZGRyaHJjMjNhbTZwcXMgZTJhNDcyOGIzMzQzZTFiOTk5NjA3ZjNhMGNiNGRhYzk3NTAwNzc0NDY0OTEyYWEzY2Q5ZTY1NTExZDU2MjhjNEBncm91cC5jYWxlbmRhci5nb29nbGUuY29t"",""open air photo booth rental in Culver City"")",,
Calendar - All Day Event,Calendar - open air photo booth rental in Culver City - Event,"=HYPERLINK(""https://www.google.com/calendar/event?eid=NGQzaThicmk4MmpmZnFpMjEwbHBkNDRvMTggZTJhNDcyOGIzMzQzZTFiOTk5NjA3ZjNhMGNiNGRhYzk3NTAwNzc0NDY0OTEyYWEzY2Q5ZTY1NTExZDU2MjhjNEBncm91cC5jYWxlbmRhci5nb29nbGUuY29t"", IMAGE(""https://api.qrserver.com/v1/create-qr-code/?size=150x150&data=https://www.google.com/calendar/event?eid=NGQzaThicmk4MmpmZnFpMjEwbHBkNDRvMTggZTJhNDcyOGIzMzQzZTFiOTk5NjA3ZjNhMGNiNGRhYzk3NTAwNzc0NDY0OTEyYWEzY2Q5ZTY1NTExZDU2MjhjNEBncm91cC5jYWxlbmRhci5nb29nbGUuY29t"",1))",https://www.google.com/calendar/event?eid=NGQzaThicmk4MmpmZnFpMjEwbHBkNDRvMTggZTJhNDcyOGIzMzQzZTFiOTk5NjA3ZjNhMGNiNGRhYzk3NTAwNzc0NDY0OTEyYWEzY2Q5ZTY1NTExZDU2MjhjNEBncm91cC5jYWxlbmRhci5nb29nbGUuY29t,"=HYPERLINK(""https://www.google.com/calendar/event?eid=NGQzaThicmk4MmpmZnFpMjEwbHBkNDRvMTggZTJhNDcyOGIzMzQzZTFiOTk5NjA3ZjNhMGNiNGRhYzk3NTAwNzc0NDY0OTEyYWEzY2Q5ZTY1NTExZDU2MjhjNEBncm91cC5jYWxlbmRhci5nb29nbGUuY29t"",""open air photo booth rental in Culver City"")",,
Calendar - All Day Event,Calendar - open air photo booth rental in Culver City - Event,"=HYPERLINK(""https://www.google.com/calendar/event?eid=YWFwMWtydjVlcGl1ODIxc2Foa3E0ZzE0Z2sgZTJhNDcyOGIzMzQzZTFiOTk5NjA3ZjNhMGNiNGRhYzk3NTAwNzc0NDY0OTEyYWEzY2Q5ZTY1NTExZDU2MjhjNEBncm91cC5jYWxlbmRhci5nb29nbGUuY29t"", IMAGE(""https://api.qrserver.com/v1/create-qr-code/?size=150x150&data=https://www.google.com/calendar/event?eid=YWFwMWtydjVlcGl1ODIxc2Foa3E0ZzE0Z2sgZTJhNDcyOGIzMzQzZTFiOTk5NjA3ZjNhMGNiNGRhYzk3NTAwNzc0NDY0OTEyYWEzY2Q5ZTY1NTExZDU2MjhjNEBncm91cC5jYWxlbmRhci5nb29nbGUuY29t"",1))",https://www.google.com/calendar/event?eid=YWFwMWtydjVlcGl1ODIxc2Foa3E0ZzE0Z2sgZTJhNDcyOGIzMzQzZTFiOTk5NjA3ZjNhMGNiNGRhYzk3NTAwNzc0NDY0OTEyYWEzY2Q5ZTY1NTExZDU2MjhjNEBncm91cC5jYWxlbmRhci5nb29nbGUuY29t,"=HYPERLINK(""https://www.google.com/calendar/event?eid=YWFwMWtydjVlcGl1ODIxc2Foa3E0ZzE0Z2sgZTJhNDcyOGIzMzQzZTFiOTk5NjA3ZjNhMGNiNGRhYzk3NTAwNzc0NDY0OTEyYWEzY2Q5ZTY1NTExZDU2MjhjNEBncm91cC5jYWxlbmRhci5nb29nbGUuY29t"",""open air photo booth rental in Culver City"")",,
Calendar - All Day Event,Calendar - open air photo booth rental in Culver City - Event,"=HYPERLINK(""https://www.google.com/calendar/event?eid=bzg4MXJuNmVvM2dtMTRuZXFkc3NrOTZ2OW8gZTJhNDcyOGIzMzQzZTFiOTk5NjA3ZjNhMGNiNGRhYzk3NTAwNzc0NDY0OTEyYWEzY2Q5ZTY1NTExZDU2MjhjNEBncm91cC5jYWxlbmRhci5nb29nbGUuY29t"", IMAGE(""https://api.qrserver.com/v1/create-qr-code/?size=150x150&data=https://www.google.com/calendar/event?eid=bzg4MXJuNmVvM2dtMTRuZXFkc3NrOTZ2OW8gZTJhNDcyOGIzMzQzZTFiOTk5NjA3ZjNhMGNiNGRhYzk3NTAwNzc0NDY0OTEyYWEzY2Q5ZTY1NTExZDU2MjhjNEBncm91cC5jYWxlbmRhci5nb29nbGUuY29t"",1))",https://www.google.com/calendar/event?eid=bzg4MXJuNmVvM2dtMTRuZXFkc3NrOTZ2OW8gZTJhNDcyOGIzMzQzZTFiOTk5NjA3ZjNhMGNiNGRhYzk3NTAwNzc0NDY0OTEyYWEzY2Q5ZTY1NTExZDU2MjhjNEBncm91cC5jYWxlbmRhci5nb29nbGUuY29t,"=HYPERLINK(""https://www.google.com/calendar/event?eid=bzg4MXJuNmVvM2dtMTRuZXFkc3NrOTZ2OW8gZTJhNDcyOGIzMzQzZTFiOTk5NjA3ZjNhMGNiNGRhYzk3NTAwNzc0NDY0OTEyYWEzY2Q5ZTY1NTExZDU2MjhjNEBncm91cC5jYWxlbmRhci5nb29nbGUuY29t"",""open air photo booth rental in Culver City"")",,
Calendar - All Day Event,Calendar - open air photo booth rental in Culver City - Event,"=HYPERLINK(""https://www.google.com/calendar/event?eid=bWRhZ3V0c2hvZmdlZ3NpMDVldjExaWpqNmMgZTJhNDcyOGIzMzQzZTFiOTk5NjA3ZjNhMGNiNGRhYzk3NTAwNzc0NDY0OTEyYWEzY2Q5ZTY1NTExZDU2MjhjNEBncm91cC5jYWxlbmRhci5nb29nbGUuY29t"", IMAGE(""https://api.qrserver.com/v1/create-qr-code/?size=150x150&data=https://www.google.com/calendar/event?eid=bWRhZ3V0c2hvZmdlZ3NpMDVldjExaWpqNmMgZTJhNDcyOGIzMzQzZTFiOTk5NjA3ZjNhMGNiNGRhYzk3NTAwNzc0NDY0OTEyYWEzY2Q5ZTY1NTExZDU2MjhjNEBncm91cC5jYWxlbmRhci5nb29nbGUuY29t"",1))",https://www.google.com/calendar/event?eid=bWRhZ3V0c2hvZmdlZ3NpMDVldjExaWpqNmMgZTJhNDcyOGIzMzQzZTFiOTk5NjA3ZjNhMGNiNGRhYzk3NTAwNzc0NDY0OTEyYWEzY2Q5ZTY1NTExZDU2MjhjNEBncm91cC5jYWxlbmRhci5nb29nbGUuY29t,"=HYPERLINK(""https://www.google.com/calendar/event?eid=bWRhZ3V0c2hvZmdlZ3NpMDVldjExaWpqNmMgZTJhNDcyOGIzMzQzZTFiOTk5NjA3ZjNhMGNiNGRhYzk3NTAwNzc0NDY0OTEyYWEzY2Q5ZTY1NTExZDU2MjhjNEBncm91cC5jYWxlbmRhci5nb29nbGUuY29t"",""open air photo booth rental in Culver City"")",,
Calendar - All Day Event,Calendar - open air photo booth rental in Culver City - Event,"=HYPERLINK(""https://www.google.com/calendar/event?eid=c2o2bWo1Zm9qdWFhNWwxYTk2OGdiZTIzcXMgZTJhNDcyOGIzMzQzZTFiOTk5NjA3ZjNhMGNiNGRhYzk3NTAwNzc0NDY0OTEyYWEzY2Q5ZTY1NTExZDU2MjhjNEBncm91cC5jYWxlbmRhci5nb29nbGUuY29t"", IMAGE(""https://api.qrserver.com/v1/create-qr-code/?size=150x150&data=https://www.google.com/calendar/event?eid=c2o2bWo1Zm9qdWFhNWwxYTk2OGdiZTIzcXMgZTJhNDcyOGIzMzQzZTFiOTk5NjA3ZjNhMGNiNGRhYzk3NTAwNzc0NDY0OTEyYWEzY2Q5ZTY1NTExZDU2MjhjNEBncm91cC5jYWxlbmRhci5nb29nbGUuY29t"",1))",https://www.google.com/calendar/event?eid=c2o2bWo1Zm9qdWFhNWwxYTk2OGdiZTIzcXMgZTJhNDcyOGIzMzQzZTFiOTk5NjA3ZjNhMGNiNGRhYzk3NTAwNzc0NDY0OTEyYWEzY2Q5ZTY1NTExZDU2MjhjNEBncm91cC5jYWxlbmRhci5nb29nbGUuY29t,"=HYPERLINK(""https://www.google.com/calendar/event?eid=c2o2bWo1Zm9qdWFhNWwxYTk2OGdiZTIzcXMgZTJhNDcyOGIzMzQzZTFiOTk5NjA3ZjNhMGNiNGRhYzk3NTAwNzc0NDY0OTEyYWEzY2Q5ZTY1NTExZDU2MjhjNEBncm91cC5jYWxlbmRhci5nb29nbGUuY29t"",""open air photo booth rental in Culver City"")",,
Calendar - All Day Event,Calendar - open air photo booth rental in Culver City - Event,"=HYPERLINK(""https://www.google.com/calendar/event?eid=NjdjMXVmMTBzNzlvODh2dGJpaHBoZHJ1OGcgZTJhNDcyOGIzMzQzZTFiOTk5NjA3ZjNhMGNiNGRhYzk3NTAwNzc0NDY0OTEyYWEzY2Q5ZTY1NTExZDU2MjhjNEBncm91cC5jYWxlbmRhci5nb29nbGUuY29t"", IMAGE(""https://api.qrserver.com/v1/create-qr-code/?size=150x150&data=https://www.google.com/calendar/event?eid=NjdjMXVmMTBzNzlvODh2dGJpaHBoZHJ1OGcgZTJhNDcyOGIzMzQzZTFiOTk5NjA3ZjNhMGNiNGRhYzk3NTAwNzc0NDY0OTEyYWEzY2Q5ZTY1NTExZDU2MjhjNEBncm91cC5jYWxlbmRhci5nb29nbGUuY29t"",1))",https://www.google.com/calendar/event?eid=NjdjMXVmMTBzNzlvODh2dGJpaHBoZHJ1OGcgZTJhNDcyOGIzMzQzZTFiOTk5NjA3ZjNhMGNiNGRhYzk3NTAwNzc0NDY0OTEyYWEzY2Q5ZTY1NTExZDU2MjhjNEBncm91cC5jYWxlbmRhci5nb29nbGUuY29t,"=HYPERLINK(""https://www.google.com/calendar/event?eid=NjdjMXVmMTBzNzlvODh2dGJpaHBoZHJ1OGcgZTJhNDcyOGIzMzQzZTFiOTk5NjA3ZjNhMGNiNGRhYzk3NTAwNzc0NDY0OTEyYWEzY2Q5ZTY1NTExZDU2MjhjNEBncm91cC5jYWxlbmRhci5nb29nbGUuY29t"",""open air photo booth rental in Culver City"")",,
Calendar - All Day Event,Calendar - open air photo booth rental in Culver City - Event,"=HYPERLINK(""https://www.google.com/calendar/event?eid=ZDRhOG0xZnJjZ3R1bnZ0NWkxajVtbGFjNjQgZTJhNDcyOGIzMzQzZTFiOTk5NjA3ZjNhMGNiNGRhYzk3NTAwNzc0NDY0OTEyYWEzY2Q5ZTY1NTExZDU2MjhjNEBncm91cC5jYWxlbmRhci5nb29nbGUuY29t"", IMAGE(""https://api.qrserver.com/v1/create-qr-code/?size=150x150&data=https://www.google.com/calendar/event?eid=ZDRhOG0xZnJjZ3R1bnZ0NWkxajVtbGFjNjQgZTJhNDcyOGIzMzQzZTFiOTk5NjA3ZjNhMGNiNGRhYzk3NTAwNzc0NDY0OTEyYWEzY2Q5ZTY1NTExZDU2MjhjNEBncm91cC5jYWxlbmRhci5nb29nbGUuY29t"",1))",https://www.google.com/calendar/event?eid=ZDRhOG0xZnJjZ3R1bnZ0NWkxajVtbGFjNjQgZTJhNDcyOGIzMzQzZTFiOTk5NjA3ZjNhMGNiNGRhYzk3NTAwNzc0NDY0OTEyYWEzY2Q5ZTY1NTExZDU2MjhjNEBncm91cC5jYWxlbmRhci5nb29nbGUuY29t,"=HYPERLINK(""https://www.google.com/calendar/event?eid=ZDRhOG0xZnJjZ3R1bnZ0NWkxajVtbGFjNjQgZTJhNDcyOGIzMzQzZTFiOTk5NjA3ZjNhMGNiNGRhYzk3NTAwNzc0NDY0OTEyYWEzY2Q5ZTY1NTExZDU2MjhjNEBncm91cC5jYWxlbmRhci5nb29nbGUuY29t"",""open air photo booth rental in Culver City"")",,
Calendar - All Day Event,Calendar - open air photo booth rental in Culver City - Event,"=HYPERLINK(""https://www.google.com/calendar/event?eid=MGdzaGRmNm44c2tsN3V1NXFoMnR0Z3Y4ajAgZTJhNDcyOGIzMzQzZTFiOTk5NjA3ZjNhMGNiNGRhYzk3NTAwNzc0NDY0OTEyYWEzY2Q5ZTY1NTExZDU2MjhjNEBncm91cC5jYWxlbmRhci5nb29nbGUuY29t"", IMAGE(""https://api.qrserver.com/v1/create-qr-code/?size=150x150&data=https://www.google.com/calendar/event?eid=MGdzaGRmNm44c2tsN3V1NXFoMnR0Z3Y4ajAgZTJhNDcyOGIzMzQzZTFiOTk5NjA3ZjNhMGNiNGRhYzk3NTAwNzc0NDY0OTEyYWEzY2Q5ZTY1NTExZDU2MjhjNEBncm91cC5jYWxlbmRhci5nb29nbGUuY29t"",1))",https://www.google.com/calendar/event?eid=MGdzaGRmNm44c2tsN3V1NXFoMnR0Z3Y4ajAgZTJhNDcyOGIzMzQzZTFiOTk5NjA3ZjNhMGNiNGRhYzk3NTAwNzc0NDY0OTEyYWEzY2Q5ZTY1NTExZDU2MjhjNEBncm91cC5jYWxlbmRhci5nb29nbGUuY29t,"=HYPERLINK(""https://www.google.com/calendar/event?eid=MGdzaGRmNm44c2tsN3V1NXFoMnR0Z3Y4ajAgZTJhNDcyOGIzMzQzZTFiOTk5NjA3ZjNhMGNiNGRhYzk3NTAwNzc0NDY0OTEyYWEzY2Q5ZTY1NTExZDU2MjhjNEBncm91cC5jYWxlbmRhci5nb29nbGUuY29t"",""open air photo booth rental in Culver City"")",,
video,open air photo booth rental in Culver City,"=HYPERLINK(""https://youtu.be/pwiqBbyeUjE"", IMAGE(""https://api.qrserver.com/v1/create-qr-code/?size=150x150&data=https://youtu.be/pwiqBbyeUjE"",1))",https://youtu.be/pwiqBbyeUjE,"=HYPERLINK(""https://youtu.be/pwiqBbyeUjE"",""open air photo booth rental in Culver City"")",,
video,open air photo booth rental in Culver City,"=HYPERLINK(""https://youtu.be/1-dEkZNtZHI"", IMAGE(""https://api.qrserver.com/v1/create-qr-code/?size=150x150&data=https://youtu.be/1-dEkZNtZHI"",1))",https://youtu.be/1-dEkZNtZHI,"=HYPERLINK(""https://youtu.be/1-dEkZNtZHI"",""open air photo booth rental in Culver City"")",,
video,open air photo booth rental in Culver City,"=HYPERLINK(""https://youtu.be/FPsGz17-j10"", IMAGE(""https://api.qrserver.com/v1/create-qr-code/?size=150x150&data=https://youtu.be/FPsGz17-j10"",1))",https://youtu.be/FPsGz17-j10,"=HYPERLINK(""https://youtu.be/FPsGz17-j10"",""open air photo booth rental in Culver City"")",,
video,open air photo booth rental in Culver City,"=HYPERLINK(""https://youtu.be/EmCLBIu0R2I"", IMAGE(""https://api.qrserver.com/v1/create-qr-code/?size=150x150&data=https://youtu.be/EmCLBIu0R2I"",1))",https://youtu.be/EmCLBIu0R2I,"=HYPERLINK(""https://youtu.be/EmCLBIu0R2I"",""open air photo booth rental in Culver City"")",,
video,open air photo booth rental in Culver City,"=HYPERLINK(""https://youtu.be/10hlB0RTfVM"", IMAGE(""https://api.qrserver.com/v1/create-qr-code/?size=150x150&data=https://youtu.be/10hlB0RTfVM"",1))",https://youtu.be/10hlB0RTfVM,"=HYPERLINK(""https://youtu.be/10hlB0RTfVM"",""open air photo booth rental in Culver City"")",,
sheet,Sheet1,"=HYPERLINK(""https://docs.google.com/spreadsheets/d/1zWD9ORSzSwuLi5tgaFrRn_v66hbfnUoRBArFbf__jXE/edit#gid=0"", IMAGE(""https://api.qrserver.com/v1/create-qr-code/?size=150x150&data=https://docs.google.com/spreadsheets/d/1zWD9ORSzSwuLi5tgaFrRn_v66hbfnUoRBArFbf__jXE/edit#gid=0"",1))",https://docs.google.com/spreadsheets/d/1zWD9ORSzSwuLi5tgaFrRn_v66hbfnUoRBArFbf__jXE/edit#gid=0,"=HYPERLINK(""https://docs.google.com/spreadsheets/d/1zWD9ORSzSwuLi5tgaFrRn_v66hbfnUoRBArFbf__jXE/edit#gid=0"",""open air photo booth rental in Culver City Sheet1"")",,
sheet,Keywords,"=HYPERLINK(""https://docs.google.com/spreadsheets/d/1zWD9ORSzSwuLi5tgaFrRn_v66hbfnUoRBArFbf__jXE/edit#gid=1524490908"", IMAGE(""https://api.qrserver.com/v1/create-qr-code/?size=150x150&data=https://docs.google.com/spreadsheets/d/1zWD9ORSzSwuLi5tgaFrRn_v66hbfnUoRBArFbf__jXE/edit#gid=1524490908"",1))",https://docs.google.com/spreadsheets/d/1zWD9ORSzSwuLi5tgaFrRn_v66hbfnUoRBArFbf__jXE/edit#gid=1524490908,"=HYPERLINK(""https://docs.google.com/spreadsheets/d/1zWD9ORSzSwuLi5tgaFrRn_v66hbfnUoRBArFbf__jXE/edit#gid=1524490908"",""open air photo booth rental in Culver City Keywords"")",,
sheet,Content,"=HYPERLINK(""https://docs.google.com/spreadsheets/d/1zWD9ORSzSwuLi5tgaFrRn_v66hbfnUoRBArFbf__jXE/edit#gid=1786113809"", IMAGE(""https://api.qrserver.com/v1/create-qr-code/?size=150x150&data=https://docs.google.com/spreadsheets/d/1zWD9ORSzSwuLi5tgaFrRn_v66hbfnUoRBArFbf__jXE/edit#gid=1786113809"",1))",https://docs.google.com/spreadsheets/d/1zWD9ORSzSwuLi5tgaFrRn_v66hbfnUoRBArFbf__jXE/edit#gid=1786113809,"=HYPERLINK(""https://docs.google.com/spreadsheets/d/1zWD9ORSzSwuLi5tgaFrRn_v66hbfnUoRBArFbf__jXE/edit#gid=1786113809"",""open air photo booth rental in Culver City Content"")",,
sheet,Calendar Events,"=HYPERLINK(""https://docs.google.com/spreadsheets/d/1zWD9ORSzSwuLi5tgaFrRn_v66hbfnUoRBArFbf__jXE/edit#gid=1950382978"", IMAGE(""https://api.qrserver.com/v1/create-qr-code/?size=150x150&data=https://docs.google.com/spreadsheets/d/1zWD9ORSzSwuLi5tgaFrRn_v66hbfnUoRBArFbf__jXE/edit#gid=1950382978"",1))",https://docs.google.com/spreadsheets/d/1zWD9ORSzSwuLi5tgaFrRn_v66hbfnUoRBArFbf__jXE/edit#gid=1950382978,"=HYPERLINK(""https://docs.google.com/spreadsheets/d/1zWD9ORSzSwuLi5tgaFrRn_v66hbfnUoRBArFbf__jXE/edit#gid=1950382978"",""open air photo booth rental in Culver City Calendar Events"")",,
sheet,RSS Feeds,"=HYPERLINK(""https://docs.google.com/spreadsheets/d/1zWD9ORSzSwuLi5tgaFrRn_v66hbfnUoRBArFbf__jXE/edit#gid=2080543558"", IMAGE(""https://api.qrserver.com/v1/create-qr-code/?size=150x150&data=https://docs.google.com/spreadsheets/d/1zWD9ORSzSwuLi5tgaFrRn_v66hbfnUoRBArFbf__jXE/edit#gid=2080543558"",1))",https://docs.google.com/spreadsheets/d/1zWD9ORSzSwuLi5tgaFrRn_v66hbfnUoRBArFbf__jXE/edit#gid=2080543558,"=HYPERLINK(""https://docs.google.com/spreadsheets/d/1zWD9ORSzSwuLi5tgaFrRn_v66hbfnUoRBArFbf__jXE/edit#gid=2080543558"",""open air photo booth rental in Culver City RSS Feeds"")",,
