target url,photo booth for rent near Culver City,"=HYPERLINK(""https://www.luckyfrogphotos.com/culvercityphotobooth.html"", IMAGE(""https://api.qrserver.com/v1/create-qr-code/?size=150x150&data=https://www.luckyfrogphotos.com/culvercityphotobooth.html"",1))",https://www.luckyfrogphotos.com/culvercityphotobooth.html,"=HYPERLINK(""https://www.luckyfrogphotos.com/culvercityphotobooth.html"",""photo booth for rent near Culver City"")",,
folder top,photo booth for rent near Culver City,"=HYPERLINK(""https://drive.google.com/drive/folders/1lyiOePmQLgeyp8L6GdD53kTXSfhwGDrQ?usp=sharing"", IMAGE(""https://api.qrserver.com/v1/create-qr-code/?size=150x150&data=https://drive.google.com/drive/folders/1lyiOePmQLgeyp8L6GdD53kTXSfhwGDrQ?usp=sharing"",1))",https://drive.google.com/drive/folders/1lyiOePmQLgeyp8L6GdD53kTXSfhwGDrQ?usp=sharing,"=HYPERLINK(""https://drive.google.com/drive/folders/1lyiOePmQLgeyp8L6GdD53kTXSfhwGDrQ?usp=sharing"",""photo booth for rent near Culver City"")",,
rss feed,photo booth for rent near Culver City,"=HYPERLINK(""https://news.google.com/rss/search?q=videobooth"", IMAGE(""https://api.qrserver.com/v1/create-qr-code/?size=150x150&data=https://news.google.com/rss/search?q=videobooth"",1))",https://news.google.com/rss/search?q=videobooth,"=HYPERLINK(""https://news.google.com/rss/search?q=videobooth"",""photo booth for rent near Culver City"")",,
folder articles,photo booth for rent near Culver City Articles,"=HYPERLINK(""https://drive.google.com/drive/folders/1geM8RYRnhwgJXe-CE3Npcvh9VaYgm5Od?usp=sharing"", IMAGE(""https://api.qrserver.com/v1/create-qr-code/?size=150x150&data=https://drive.google.com/drive/folders/1geM8RYRnhwgJXe-CE3Npcvh9VaYgm5Od?usp=sharing"",1))",https://drive.google.com/drive/folders/1geM8RYRnhwgJXe-CE3Npcvh9VaYgm5Od?usp=sharing,"=HYPERLINK(""https://drive.google.com/drive/folders/1geM8RYRnhwgJXe-CE3Npcvh9VaYgm5Od?usp=sharing"",""photo booth for rent near Culver City Articles"")",,
folder photos,photo booth for rent near Culver City Photos,"=HYPERLINK(""https://drive.google.com/drive/folders/1ya2t5ipCWpZR0d7WuhvAXD4PAEQtxTe8?usp=sharing"", IMAGE(""https://api.qrserver.com/v1/create-qr-code/?size=150x150&data=https://drive.google.com/drive/folders/1ya2t5ipCWpZR0d7WuhvAXD4PAEQtxTe8?usp=sharing"",1))",https://drive.google.com/drive/folders/1ya2t5ipCWpZR0d7WuhvAXD4PAEQtxTe8?usp=sharing,"=HYPERLINK(""https://drive.google.com/drive/folders/1ya2t5ipCWpZR0d7WuhvAXD4PAEQtxTe8?usp=sharing"",""photo booth for rent near Culver City Photos"")",,
folder pdfs,photo booth for rent near Culver City PDFs,"=HYPERLINK(""https://drive.google.com/drive/folders/1rdu_imHfaUviSq7v142itVanHN3XRpLg?usp=sharing"", IMAGE(""https://api.qrserver.com/v1/create-qr-code/?size=150x150&data=https://drive.google.com/drive/folders/1rdu_imHfaUviSq7v142itVanHN3XRpLg?usp=sharing"",1))",https://drive.google.com/drive/folders/1rdu_imHfaUviSq7v142itVanHN3XRpLg?usp=sharing,"=HYPERLINK(""https://drive.google.com/drive/folders/1rdu_imHfaUviSq7v142itVanHN3XRpLg?usp=sharing"",""photo booth for rent near Culver City PDFs"")",,
folder slides,photo booth for rent near Culver City Slides,"=HYPERLINK(""https://drive.google.com/drive/folders/17Q6psrg0u_iJ9RzIJNzokB-ITp_LMzeO?usp=sharing"", IMAGE(""https://api.qrserver.com/v1/create-qr-code/?size=150x150&data=https://drive.google.com/drive/folders/17Q6psrg0u_iJ9RzIJNzokB-ITp_LMzeO?usp=sharing"",1))",https://drive.google.com/drive/folders/17Q6psrg0u_iJ9RzIJNzokB-ITp_LMzeO?usp=sharing,"=HYPERLINK(""https://drive.google.com/drive/folders/17Q6psrg0u_iJ9RzIJNzokB-ITp_LMzeO?usp=sharing"",""photo booth for rent near Culver City Slides"")",,
photo,photo booth for rent near Culver City,"=HYPERLINK(""https://drive.google.com/file/d/1t33hvFbsi4sSFSNdR8g74m5ACVKQUi0g/view?usp=sharing"", IMAGE(""https://api.qrserver.com/v1/create-qr-code/?size=150x150&data=https://drive.google.com/file/d/1t33hvFbsi4sSFSNdR8g74m5ACVKQUi0g/view?usp=sharing"",1))",https://drive.google.com/file/d/1t33hvFbsi4sSFSNdR8g74m5ACVKQUi0g/view?usp=sharing,"=HYPERLINK(""https://drive.google.com/file/d/1t33hvFbsi4sSFSNdR8g74m5ACVKQUi0g/view?usp=sharing"",""photo booth for rent near Culver City"")",,
photo,photo booth for rent near Culver City,"=HYPERLINK(""https://drive.google.com/file/d/1-bgEB03du93MjzZ1U_bkiROzwf4JmDmk/view?usp=sharing"", IMAGE(""https://api.qrserver.com/v1/create-qr-code/?size=150x150&data=https://drive.google.com/file/d/1-bgEB03du93MjzZ1U_bkiROzwf4JmDmk/view?usp=sharing"",1))",https://drive.google.com/file/d/1-bgEB03du93MjzZ1U_bkiROzwf4JmDmk/view?usp=sharing,"=HYPERLINK(""https://drive.google.com/file/d/1-bgEB03du93MjzZ1U_bkiROzwf4JmDmk/view?usp=sharing"",""photo booth for rent near Culver City"")",,
spreadsheet,photo booth for rent near Culver City,"=HYPERLINK(""https://docs.google.com/spreadsheets/d/1i-GQ5B8JUqhJaXgaPVdbBHSAxxKrbk3yuCfWg0-qL0c/edit?usp=sharing"", IMAGE(""https://api.qrserver.com/v1/create-qr-code/?size=150x150&data=https://docs.google.com/spreadsheets/d/1i-GQ5B8JUqhJaXgaPVdbBHSAxxKrbk3yuCfWg0-qL0c/edit?usp=sharing"",1))",https://docs.google.com/spreadsheets/d/1i-GQ5B8JUqhJaXgaPVdbBHSAxxKrbk3yuCfWg0-qL0c/edit?usp=sharing,"=HYPERLINK(""https://docs.google.com/spreadsheets/d/1i-GQ5B8JUqhJaXgaPVdbBHSAxxKrbk3yuCfWg0-qL0c/edit?usp=sharing"",""photo booth for rent near Culver City"")",,
spreadsheet key,photo booth for rent near Culver City key,"=HYPERLINK(""https://docs.google.com/spreadsheet/pub?key=1i-GQ5B8JUqhJaXgaPVdbBHSAxxKrbk3yuCfWg0-qL0c"", IMAGE(""https://api.qrserver.com/v1/create-qr-code/?size=150x150&data=https://docs.google.com/spreadsheet/pub?key=1i-GQ5B8JUqhJaXgaPVdbBHSAxxKrbk3yuCfWg0-qL0c"",1))",https://docs.google.com/spreadsheet/pub?key=1i-GQ5B8JUqhJaXgaPVdbBHSAxxKrbk3yuCfWg0-qL0c,"=HYPERLINK(""https://docs.google.com/spreadsheets/d/1i-GQ5B8JUqhJaXgaPVdbBHSAxxKrbk3yuCfWg0-qL0c/edit?usp=sharing"",""photo booth for rent near Culver City"")",,
spreadsheet pubhtml,photo booth for rent near Culver City pubhtml,"=HYPERLINK(""https://docs.google.com/spreadsheets/d/1i-GQ5B8JUqhJaXgaPVdbBHSAxxKrbk3yuCfWg0-qL0c/pubhtml"", IMAGE(""https://api.qrserver.com/v1/create-qr-code/?size=150x150&data=https://docs.google.com/spreadsheets/d/1i-GQ5B8JUqhJaXgaPVdbBHSAxxKrbk3yuCfWg0-qL0c/pubhtml"",1))",https://docs.google.com/spreadsheets/d/1i-GQ5B8JUqhJaXgaPVdbBHSAxxKrbk3yuCfWg0-qL0c/pubhtml,"=HYPERLINK(""https://docs.google.com/spreadsheets/d/1i-GQ5B8JUqhJaXgaPVdbBHSAxxKrbk3yuCfWg0-qL0c/edit?usp=sharing"",""photo booth for rent near Culver City"")",,
spreadsheet pub,photo booth for rent near Culver City pub,"=HYPERLINK(""https://docs.google.com/spreadsheets/d/1i-GQ5B8JUqhJaXgaPVdbBHSAxxKrbk3yuCfWg0-qL0c/pub"", IMAGE(""https://api.qrserver.com/v1/create-qr-code/?size=150x150&data=https://docs.google.com/spreadsheets/d/1i-GQ5B8JUqhJaXgaPVdbBHSAxxKrbk3yuCfWg0-qL0c/pub"",1))",https://docs.google.com/spreadsheets/d/1i-GQ5B8JUqhJaXgaPVdbBHSAxxKrbk3yuCfWg0-qL0c/pub,"=HYPERLINK(""https://docs.google.com/spreadsheets/d/1i-GQ5B8JUqhJaXgaPVdbBHSAxxKrbk3yuCfWg0-qL0c/edit?usp=sharing"",""photo booth for rent near Culver City"")",,
spreadsheet view,photo booth for rent near Culver City view,"=HYPERLINK(""https://docs.google.com/spreadsheets/d/1i-GQ5B8JUqhJaXgaPVdbBHSAxxKrbk3yuCfWg0-qL0c/view"", IMAGE(""https://api.qrserver.com/v1/create-qr-code/?size=150x150&data=https://docs.google.com/spreadsheets/d/1i-GQ5B8JUqhJaXgaPVdbBHSAxxKrbk3yuCfWg0-qL0c/view"",1))",https://docs.google.com/spreadsheets/d/1i-GQ5B8JUqhJaXgaPVdbBHSAxxKrbk3yuCfWg0-qL0c/view,"=HYPERLINK(""https://docs.google.com/spreadsheets/d/1i-GQ5B8JUqhJaXgaPVdbBHSAxxKrbk3yuCfWg0-qL0c/edit?usp=sharing"",""photo booth for rent near Culver City"")",,
form,photo booth for rent near Culver City,"=HYPERLINK(""https://docs.google.com/forms/d/12lC8VLRgGsp9pGbbDtKurCpjmET84K2MmjcOL_o0sCw/edit?usp=sharing"", IMAGE(""https://api.qrserver.com/v1/create-qr-code/?size=150x150&data=https://docs.google.com/forms/d/12lC8VLRgGsp9pGbbDtKurCpjmET84K2MmjcOL_o0sCw/edit?usp=sharing"",1))",https://docs.google.com/forms/d/12lC8VLRgGsp9pGbbDtKurCpjmET84K2MmjcOL_o0sCw/edit?usp=sharing,"=HYPERLINK(""https://docs.google.com/forms/d/12lC8VLRgGsp9pGbbDtKurCpjmET84K2MmjcOL_o0sCw/edit?usp=sharing"",""photo booth for rent near Culver City"")",,
drawing,photo booth for rent near Culver City,"=HYPERLINK(""https://docs.google.com/drawings/d/136PzSLEZPzzaYxRiiDX6zTzw8cCXf3wsW5C8GgJVIzo/edit?usp=sharing"", IMAGE(""https://api.qrserver.com/v1/create-qr-code/?size=150x150&data=https://docs.google.com/drawings/d/136PzSLEZPzzaYxRiiDX6zTzw8cCXf3wsW5C8GgJVIzo/edit?usp=sharing"",1))",https://docs.google.com/drawings/d/136PzSLEZPzzaYxRiiDX6zTzw8cCXf3wsW5C8GgJVIzo/edit?usp=sharing,"=HYPERLINK(""https://docs.google.com/drawings/d/136PzSLEZPzzaYxRiiDX6zTzw8cCXf3wsW5C8GgJVIzo/edit?usp=sharing"",""photo booth for rent near Culver City"")",,
image,CTA or Logo,"=HYPERLINK(""https://drive.google.com/file/d/1Ub_baxN1yIKa7z6PHbWKiQ5Hv3QmkYdb/view?usp=drivesdk"", IMAGE(""https://api.qrserver.com/v1/create-qr-code/?size=150x150&data=https://drive.google.com/file/d/1Ub_baxN1yIKa7z6PHbWKiQ5Hv3QmkYdb/view?usp=drivesdk"",1))",https://drive.google.com/file/d/1Ub_baxN1yIKa7z6PHbWKiQ5Hv3QmkYdb/view?usp=drivesdk,,,
image link,CTA or Logo - image link,"=HYPERLINK(""https://sites.google.com/view/culvercityphotoboothrentals/home"", IMAGE(""https://api.qrserver.com/v1/create-qr-code/?size=150x150&data=https://sites.google.com/view/culvercityphotoboothrentals/home"",1))",https://sites.google.com/view/culvercityphotoboothrentals/home,,,
document,photo booth for rent near Culver City,"=HYPERLINK(""https://docs.google.com/document/d/1rATw9R_Gx7NLNbNO8UdL10iAADSTjCQNgPxW8B-Z7_A/edit?usp=sharing"", IMAGE(""https://api.qrserver.com/v1/create-qr-code/?size=150x150&data=https://docs.google.com/document/d/1rATw9R_Gx7NLNbNO8UdL10iAADSTjCQNgPxW8B-Z7_A/edit?usp=sharing"",1))",https://docs.google.com/document/d/1rATw9R_Gx7NLNbNO8UdL10iAADSTjCQNgPxW8B-Z7_A/edit?usp=sharing,"=HYPERLINK(""https://docs.google.com/document/d/1rATw9R_Gx7NLNbNO8UdL10iAADSTjCQNgPxW8B-Z7_A/edit?usp=sharing"",""photo booth for rent near Culver City"")",,
document pub,photo booth for rent near Culver City pub,"=HYPERLINK(""https://docs.google.com/document/d/1rATw9R_Gx7NLNbNO8UdL10iAADSTjCQNgPxW8B-Z7_A/pub"", IMAGE(""https://api.qrserver.com/v1/create-qr-code/?size=150x150&data=https://docs.google.com/document/d/1rATw9R_Gx7NLNbNO8UdL10iAADSTjCQNgPxW8B-Z7_A/pub"",1))",https://docs.google.com/document/d/1rATw9R_Gx7NLNbNO8UdL10iAADSTjCQNgPxW8B-Z7_A/pub,"=HYPERLINK(""https://docs.google.com/document/d/1rATw9R_Gx7NLNbNO8UdL10iAADSTjCQNgPxW8B-Z7_A/edit?usp=sharing"",""photo booth for rent near Culver City"")",,
document view,photo booth for rent near Culver City view,"=HYPERLINK(""https://docs.google.com/document/d/1rATw9R_Gx7NLNbNO8UdL10iAADSTjCQNgPxW8B-Z7_A/view"", IMAGE(""https://api.qrserver.com/v1/create-qr-code/?size=150x150&data=https://docs.google.com/document/d/1rATw9R_Gx7NLNbNO8UdL10iAADSTjCQNgPxW8B-Z7_A/view"",1))",https://docs.google.com/document/d/1rATw9R_Gx7NLNbNO8UdL10iAADSTjCQNgPxW8B-Z7_A/view,"=HYPERLINK(""https://docs.google.com/document/d/1rATw9R_Gx7NLNbNO8UdL10iAADSTjCQNgPxW8B-Z7_A/edit?usp=sharing"",""photo booth for rent near Culver City"")",,
presentation,photo booth for rent near Culver City,"=HYPERLINK(""https://docs.google.com/presentation/d/1ARse9m3U75KwkzekT1PjyAHsSK-6HSkNEI8N0xtayJQ/edit?usp=sharing"", IMAGE(""https://api.qrserver.com/v1/create-qr-code/?size=150x150&data=https://docs.google.com/presentation/d/1ARse9m3U75KwkzekT1PjyAHsSK-6HSkNEI8N0xtayJQ/edit?usp=sharing"",1))",https://docs.google.com/presentation/d/1ARse9m3U75KwkzekT1PjyAHsSK-6HSkNEI8N0xtayJQ/edit?usp=sharing,"=HYPERLINK(""https://docs.google.com/presentation/d/1ARse9m3U75KwkzekT1PjyAHsSK-6HSkNEI8N0xtayJQ/edit?usp=sharing"",""photo booth for rent near Culver City"")",,
presentation pub,photo booth for rent near Culver City pub,"=HYPERLINK(""https://docs.google.com/presentation/d/1ARse9m3U75KwkzekT1PjyAHsSK-6HSkNEI8N0xtayJQ/pub?start=true&loop=true&delayms=3000"", IMAGE(""https://api.qrserver.com/v1/create-qr-code/?size=150x150&data=https://docs.google.com/presentation/d/1ARse9m3U75KwkzekT1PjyAHsSK-6HSkNEI8N0xtayJQ/pub?start=true&loop=true&delayms=3000"",1))",https://docs.google.com/presentation/d/1ARse9m3U75KwkzekT1PjyAHsSK-6HSkNEI8N0xtayJQ/pub?start=true&loop=true&delayms=3000,"=HYPERLINK(""https://docs.google.com/presentation/d/1ARse9m3U75KwkzekT1PjyAHsSK-6HSkNEI8N0xtayJQ/edit?usp=sharing"",""photo booth for rent near Culver City"")",,
presentation view,photo booth for rent near Culver City view,"=HYPERLINK(""https://docs.google.com/presentation/d/1ARse9m3U75KwkzekT1PjyAHsSK-6HSkNEI8N0xtayJQ/view"", IMAGE(""https://api.qrserver.com/v1/create-qr-code/?size=150x150&data=https://docs.google.com/presentation/d/1ARse9m3U75KwkzekT1PjyAHsSK-6HSkNEI8N0xtayJQ/view"",1))",https://docs.google.com/presentation/d/1ARse9m3U75KwkzekT1PjyAHsSK-6HSkNEI8N0xtayJQ/view,"=HYPERLINK(""https://docs.google.com/presentation/d/1ARse9m3U75KwkzekT1PjyAHsSK-6HSkNEI8N0xtayJQ/edit?usp=sharing"",""photo booth for rent near Culver City"")",,
presentation html,photo booth for rent near Culver City html,"=HYPERLINK(""https://docs.google.com/presentation/d/1ARse9m3U75KwkzekT1PjyAHsSK-6HSkNEI8N0xtayJQ/htmlpresent"", IMAGE(""https://api.qrserver.com/v1/create-qr-code/?size=150x150&data=https://docs.google.com/presentation/d/1ARse9m3U75KwkzekT1PjyAHsSK-6HSkNEI8N0xtayJQ/htmlpresent"",1))",https://docs.google.com/presentation/d/1ARse9m3U75KwkzekT1PjyAHsSK-6HSkNEI8N0xtayJQ/htmlpresent,"=HYPERLINK(""https://docs.google.com/presentation/d/1ARse9m3U75KwkzekT1PjyAHsSK-6HSkNEI8N0xtayJQ/edit?usp=sharing"",""photo booth for rent near Culver City"")",,
calendar,Calendar - photo booth for rent near Culver City,"=HYPERLINK(""https://calendar.google.com?cid=b273abbe21d10621bbf74926f261a31c1e90cccb8e8d3e20582541b05862000f@group.calendar.google.com"", IMAGE(""https://api.qrserver.com/v1/create-qr-code/?size=150x150&data=https://calendar.google.com?cid=b273abbe21d10621bbf74926f261a31c1e90cccb8e8d3e20582541b05862000f@group.calendar.google.com"",1))",https://calendar.google.com?cid=b273abbe21d10621bbf74926f261a31c1e90cccb8e8d3e20582541b05862000f@group.calendar.google.com,"=HYPERLINK(""https://calendar.google.com?cid=b273abbe21d10621bbf74926f261a31c1e90cccb8e8d3e20582541b05862000f@group.calendar.google.com"",""photo booth for rent near Culver City"")",,
Calendar - All Day Event,Calendar - photo booth for rent near Culver City - Event,"=HYPERLINK(""https://www.google.com/calendar/event?eid=NXZmc291YjFxanNjaHJ2cmUxdXNzMTlpdG8gYjI3M2FiYmUyMWQxMDYyMWJiZjc0OTI2ZjI2MWEzMWMxZTkwY2NjYjhlOGQzZTIwNTgyNTQxYjA1ODYyMDAwZkBncm91cC5jYWxlbmRhci5nb29nbGUuY29t"", IMAGE(""https://api.qrserver.com/v1/create-qr-code/?size=150x150&data=https://www.google.com/calendar/event?eid=NXZmc291YjFxanNjaHJ2cmUxdXNzMTlpdG8gYjI3M2FiYmUyMWQxMDYyMWJiZjc0OTI2ZjI2MWEzMWMxZTkwY2NjYjhlOGQzZTIwNTgyNTQxYjA1ODYyMDAwZkBncm91cC5jYWxlbmRhci5nb29nbGUuY29t"",1))",https://www.google.com/calendar/event?eid=NXZmc291YjFxanNjaHJ2cmUxdXNzMTlpdG8gYjI3M2FiYmUyMWQxMDYyMWJiZjc0OTI2ZjI2MWEzMWMxZTkwY2NjYjhlOGQzZTIwNTgyNTQxYjA1ODYyMDAwZkBncm91cC5jYWxlbmRhci5nb29nbGUuY29t,"=HYPERLINK(""https://www.google.com/calendar/event?eid=NXZmc291YjFxanNjaHJ2cmUxdXNzMTlpdG8gYjI3M2FiYmUyMWQxMDYyMWJiZjc0OTI2ZjI2MWEzMWMxZTkwY2NjYjhlOGQzZTIwNTgyNTQxYjA1ODYyMDAwZkBncm91cC5jYWxlbmRhci5nb29nbGUuY29t"",""photo booth for rent near Culver City"")",,
Calendar - All Day Event,Calendar - photo booth for rent near Culver City - Event,"=HYPERLINK(""https://www.google.com/calendar/event?eid=cDQ1NjA4Z3NlY2FoOGpyNjJjZWtsOXBvaTAgYjI3M2FiYmUyMWQxMDYyMWJiZjc0OTI2ZjI2MWEzMWMxZTkwY2NjYjhlOGQzZTIwNTgyNTQxYjA1ODYyMDAwZkBncm91cC5jYWxlbmRhci5nb29nbGUuY29t"", IMAGE(""https://api.qrserver.com/v1/create-qr-code/?size=150x150&data=https://www.google.com/calendar/event?eid=cDQ1NjA4Z3NlY2FoOGpyNjJjZWtsOXBvaTAgYjI3M2FiYmUyMWQxMDYyMWJiZjc0OTI2ZjI2MWEzMWMxZTkwY2NjYjhlOGQzZTIwNTgyNTQxYjA1ODYyMDAwZkBncm91cC5jYWxlbmRhci5nb29nbGUuY29t"",1))",https://www.google.com/calendar/event?eid=cDQ1NjA4Z3NlY2FoOGpyNjJjZWtsOXBvaTAgYjI3M2FiYmUyMWQxMDYyMWJiZjc0OTI2ZjI2MWEzMWMxZTkwY2NjYjhlOGQzZTIwNTgyNTQxYjA1ODYyMDAwZkBncm91cC5jYWxlbmRhci5nb29nbGUuY29t,"=HYPERLINK(""https://www.google.com/calendar/event?eid=cDQ1NjA4Z3NlY2FoOGpyNjJjZWtsOXBvaTAgYjI3M2FiYmUyMWQxMDYyMWJiZjc0OTI2ZjI2MWEzMWMxZTkwY2NjYjhlOGQzZTIwNTgyNTQxYjA1ODYyMDAwZkBncm91cC5jYWxlbmRhci5nb29nbGUuY29t"",""photo booth for rent near Culver City"")",,
Calendar - All Day Event,Calendar - photo booth for rent near Culver City - Event,"=HYPERLINK(""https://www.google.com/calendar/event?eid=bTk3Nm82NmJpZTY0ZGsxcWZ2bzI0cjE4bnMgYjI3M2FiYmUyMWQxMDYyMWJiZjc0OTI2ZjI2MWEzMWMxZTkwY2NjYjhlOGQzZTIwNTgyNTQxYjA1ODYyMDAwZkBncm91cC5jYWxlbmRhci5nb29nbGUuY29t"", IMAGE(""https://api.qrserver.com/v1/create-qr-code/?size=150x150&data=https://www.google.com/calendar/event?eid=bTk3Nm82NmJpZTY0ZGsxcWZ2bzI0cjE4bnMgYjI3M2FiYmUyMWQxMDYyMWJiZjc0OTI2ZjI2MWEzMWMxZTkwY2NjYjhlOGQzZTIwNTgyNTQxYjA1ODYyMDAwZkBncm91cC5jYWxlbmRhci5nb29nbGUuY29t"",1))",https://www.google.com/calendar/event?eid=bTk3Nm82NmJpZTY0ZGsxcWZ2bzI0cjE4bnMgYjI3M2FiYmUyMWQxMDYyMWJiZjc0OTI2ZjI2MWEzMWMxZTkwY2NjYjhlOGQzZTIwNTgyNTQxYjA1ODYyMDAwZkBncm91cC5jYWxlbmRhci5nb29nbGUuY29t,"=HYPERLINK(""https://www.google.com/calendar/event?eid=bTk3Nm82NmJpZTY0ZGsxcWZ2bzI0cjE4bnMgYjI3M2FiYmUyMWQxMDYyMWJiZjc0OTI2ZjI2MWEzMWMxZTkwY2NjYjhlOGQzZTIwNTgyNTQxYjA1ODYyMDAwZkBncm91cC5jYWxlbmRhci5nb29nbGUuY29t"",""photo booth for rent near Culver City"")",,
Calendar - All Day Event,Calendar - photo booth for rent near Culver City - Event,"=HYPERLINK(""https://www.google.com/calendar/event?eid=ZGY3djY4YTBocm5uYWhtYzZxNWJyY2RyNGsgYjI3M2FiYmUyMWQxMDYyMWJiZjc0OTI2ZjI2MWEzMWMxZTkwY2NjYjhlOGQzZTIwNTgyNTQxYjA1ODYyMDAwZkBncm91cC5jYWxlbmRhci5nb29nbGUuY29t"", IMAGE(""https://api.qrserver.com/v1/create-qr-code/?size=150x150&data=https://www.google.com/calendar/event?eid=ZGY3djY4YTBocm5uYWhtYzZxNWJyY2RyNGsgYjI3M2FiYmUyMWQxMDYyMWJiZjc0OTI2ZjI2MWEzMWMxZTkwY2NjYjhlOGQzZTIwNTgyNTQxYjA1ODYyMDAwZkBncm91cC5jYWxlbmRhci5nb29nbGUuY29t"",1))",https://www.google.com/calendar/event?eid=ZGY3djY4YTBocm5uYWhtYzZxNWJyY2RyNGsgYjI3M2FiYmUyMWQxMDYyMWJiZjc0OTI2ZjI2MWEzMWMxZTkwY2NjYjhlOGQzZTIwNTgyNTQxYjA1ODYyMDAwZkBncm91cC5jYWxlbmRhci5nb29nbGUuY29t,"=HYPERLINK(""https://www.google.com/calendar/event?eid=ZGY3djY4YTBocm5uYWhtYzZxNWJyY2RyNGsgYjI3M2FiYmUyMWQxMDYyMWJiZjc0OTI2ZjI2MWEzMWMxZTkwY2NjYjhlOGQzZTIwNTgyNTQxYjA1ODYyMDAwZkBncm91cC5jYWxlbmRhci5nb29nbGUuY29t"",""photo booth for rent near Culver City"")",,
Calendar - All Day Event,Calendar - photo booth for rent near Culver City - Event,"=HYPERLINK(""https://www.google.com/calendar/event?eid=cTB2anRjcWtqZWM5cXVqZ2gyYm0xNnJiYTQgYjI3M2FiYmUyMWQxMDYyMWJiZjc0OTI2ZjI2MWEzMWMxZTkwY2NjYjhlOGQzZTIwNTgyNTQxYjA1ODYyMDAwZkBncm91cC5jYWxlbmRhci5nb29nbGUuY29t"", IMAGE(""https://api.qrserver.com/v1/create-qr-code/?size=150x150&data=https://www.google.com/calendar/event?eid=cTB2anRjcWtqZWM5cXVqZ2gyYm0xNnJiYTQgYjI3M2FiYmUyMWQxMDYyMWJiZjc0OTI2ZjI2MWEzMWMxZTkwY2NjYjhlOGQzZTIwNTgyNTQxYjA1ODYyMDAwZkBncm91cC5jYWxlbmRhci5nb29nbGUuY29t"",1))",https://www.google.com/calendar/event?eid=cTB2anRjcWtqZWM5cXVqZ2gyYm0xNnJiYTQgYjI3M2FiYmUyMWQxMDYyMWJiZjc0OTI2ZjI2MWEzMWMxZTkwY2NjYjhlOGQzZTIwNTgyNTQxYjA1ODYyMDAwZkBncm91cC5jYWxlbmRhci5nb29nbGUuY29t,"=HYPERLINK(""https://www.google.com/calendar/event?eid=cTB2anRjcWtqZWM5cXVqZ2gyYm0xNnJiYTQgYjI3M2FiYmUyMWQxMDYyMWJiZjc0OTI2ZjI2MWEzMWMxZTkwY2NjYjhlOGQzZTIwNTgyNTQxYjA1ODYyMDAwZkBncm91cC5jYWxlbmRhci5nb29nbGUuY29t"",""photo booth for rent near Culver City"")",,
Calendar - All Day Event,Calendar - photo booth for rent near Culver City - Event,"=HYPERLINK(""https://www.google.com/calendar/event?eid=bWFjOTNvazhsOHVydTgzaHVzb3NkM2o1aDQgYjI3M2FiYmUyMWQxMDYyMWJiZjc0OTI2ZjI2MWEzMWMxZTkwY2NjYjhlOGQzZTIwNTgyNTQxYjA1ODYyMDAwZkBncm91cC5jYWxlbmRhci5nb29nbGUuY29t"", IMAGE(""https://api.qrserver.com/v1/create-qr-code/?size=150x150&data=https://www.google.com/calendar/event?eid=bWFjOTNvazhsOHVydTgzaHVzb3NkM2o1aDQgYjI3M2FiYmUyMWQxMDYyMWJiZjc0OTI2ZjI2MWEzMWMxZTkwY2NjYjhlOGQzZTIwNTgyNTQxYjA1ODYyMDAwZkBncm91cC5jYWxlbmRhci5nb29nbGUuY29t"",1))",https://www.google.com/calendar/event?eid=bWFjOTNvazhsOHVydTgzaHVzb3NkM2o1aDQgYjI3M2FiYmUyMWQxMDYyMWJiZjc0OTI2ZjI2MWEzMWMxZTkwY2NjYjhlOGQzZTIwNTgyNTQxYjA1ODYyMDAwZkBncm91cC5jYWxlbmRhci5nb29nbGUuY29t,"=HYPERLINK(""https://www.google.com/calendar/event?eid=bWFjOTNvazhsOHVydTgzaHVzb3NkM2o1aDQgYjI3M2FiYmUyMWQxMDYyMWJiZjc0OTI2ZjI2MWEzMWMxZTkwY2NjYjhlOGQzZTIwNTgyNTQxYjA1ODYyMDAwZkBncm91cC5jYWxlbmRhci5nb29nbGUuY29t"",""photo booth for rent near Culver City"")",,
Calendar - All Day Event,Calendar - photo booth for rent near Culver City - Event,"=HYPERLINK(""https://www.google.com/calendar/event?eid=NGdhYWxhdnN1bTh2Ymg0b2lqdmQwcHNtcHMgYjI3M2FiYmUyMWQxMDYyMWJiZjc0OTI2ZjI2MWEzMWMxZTkwY2NjYjhlOGQzZTIwNTgyNTQxYjA1ODYyMDAwZkBncm91cC5jYWxlbmRhci5nb29nbGUuY29t"", IMAGE(""https://api.qrserver.com/v1/create-qr-code/?size=150x150&data=https://www.google.com/calendar/event?eid=NGdhYWxhdnN1bTh2Ymg0b2lqdmQwcHNtcHMgYjI3M2FiYmUyMWQxMDYyMWJiZjc0OTI2ZjI2MWEzMWMxZTkwY2NjYjhlOGQzZTIwNTgyNTQxYjA1ODYyMDAwZkBncm91cC5jYWxlbmRhci5nb29nbGUuY29t"",1))",https://www.google.com/calendar/event?eid=NGdhYWxhdnN1bTh2Ymg0b2lqdmQwcHNtcHMgYjI3M2FiYmUyMWQxMDYyMWJiZjc0OTI2ZjI2MWEzMWMxZTkwY2NjYjhlOGQzZTIwNTgyNTQxYjA1ODYyMDAwZkBncm91cC5jYWxlbmRhci5nb29nbGUuY29t,"=HYPERLINK(""https://www.google.com/calendar/event?eid=NGdhYWxhdnN1bTh2Ymg0b2lqdmQwcHNtcHMgYjI3M2FiYmUyMWQxMDYyMWJiZjc0OTI2ZjI2MWEzMWMxZTkwY2NjYjhlOGQzZTIwNTgyNTQxYjA1ODYyMDAwZkBncm91cC5jYWxlbmRhci5nb29nbGUuY29t"",""photo booth for rent near Culver City"")",,
Calendar - All Day Event,Calendar - photo booth for rent near Culver City - Event,"=HYPERLINK(""https://www.google.com/calendar/event?eid=OGl0NGlhcTYzMWJ1cW1oOWdobjJ0ZWNkaGcgYjI3M2FiYmUyMWQxMDYyMWJiZjc0OTI2ZjI2MWEzMWMxZTkwY2NjYjhlOGQzZTIwNTgyNTQxYjA1ODYyMDAwZkBncm91cC5jYWxlbmRhci5nb29nbGUuY29t"", IMAGE(""https://api.qrserver.com/v1/create-qr-code/?size=150x150&data=https://www.google.com/calendar/event?eid=OGl0NGlhcTYzMWJ1cW1oOWdobjJ0ZWNkaGcgYjI3M2FiYmUyMWQxMDYyMWJiZjc0OTI2ZjI2MWEzMWMxZTkwY2NjYjhlOGQzZTIwNTgyNTQxYjA1ODYyMDAwZkBncm91cC5jYWxlbmRhci5nb29nbGUuY29t"",1))",https://www.google.com/calendar/event?eid=OGl0NGlhcTYzMWJ1cW1oOWdobjJ0ZWNkaGcgYjI3M2FiYmUyMWQxMDYyMWJiZjc0OTI2ZjI2MWEzMWMxZTkwY2NjYjhlOGQzZTIwNTgyNTQxYjA1ODYyMDAwZkBncm91cC5jYWxlbmRhci5nb29nbGUuY29t,"=HYPERLINK(""https://www.google.com/calendar/event?eid=OGl0NGlhcTYzMWJ1cW1oOWdobjJ0ZWNkaGcgYjI3M2FiYmUyMWQxMDYyMWJiZjc0OTI2ZjI2MWEzMWMxZTkwY2NjYjhlOGQzZTIwNTgyNTQxYjA1ODYyMDAwZkBncm91cC5jYWxlbmRhci5nb29nbGUuY29t"",""photo booth for rent near Culver City"")",,
Calendar - All Day Event,Calendar - photo booth for rent near Culver City - Event,"=HYPERLINK(""https://www.google.com/calendar/event?eid=Ym1lOXJyNmp1MGRsM3Zjdmg3YzJzNW0zb2cgYjI3M2FiYmUyMWQxMDYyMWJiZjc0OTI2ZjI2MWEzMWMxZTkwY2NjYjhlOGQzZTIwNTgyNTQxYjA1ODYyMDAwZkBncm91cC5jYWxlbmRhci5nb29nbGUuY29t"", IMAGE(""https://api.qrserver.com/v1/create-qr-code/?size=150x150&data=https://www.google.com/calendar/event?eid=Ym1lOXJyNmp1MGRsM3Zjdmg3YzJzNW0zb2cgYjI3M2FiYmUyMWQxMDYyMWJiZjc0OTI2ZjI2MWEzMWMxZTkwY2NjYjhlOGQzZTIwNTgyNTQxYjA1ODYyMDAwZkBncm91cC5jYWxlbmRhci5nb29nbGUuY29t"",1))",https://www.google.com/calendar/event?eid=Ym1lOXJyNmp1MGRsM3Zjdmg3YzJzNW0zb2cgYjI3M2FiYmUyMWQxMDYyMWJiZjc0OTI2ZjI2MWEzMWMxZTkwY2NjYjhlOGQzZTIwNTgyNTQxYjA1ODYyMDAwZkBncm91cC5jYWxlbmRhci5nb29nbGUuY29t,"=HYPERLINK(""https://www.google.com/calendar/event?eid=Ym1lOXJyNmp1MGRsM3Zjdmg3YzJzNW0zb2cgYjI3M2FiYmUyMWQxMDYyMWJiZjc0OTI2ZjI2MWEzMWMxZTkwY2NjYjhlOGQzZTIwNTgyNTQxYjA1ODYyMDAwZkBncm91cC5jYWxlbmRhci5nb29nbGUuY29t"",""photo booth for rent near Culver City"")",,
Calendar - All Day Event,Calendar - photo booth for rent near Culver City - Event,"=HYPERLINK(""https://www.google.com/calendar/event?eid=ZTByYnFvN28zaDFsZWViYzdpYzByanIyZTAgYjI3M2FiYmUyMWQxMDYyMWJiZjc0OTI2ZjI2MWEzMWMxZTkwY2NjYjhlOGQzZTIwNTgyNTQxYjA1ODYyMDAwZkBncm91cC5jYWxlbmRhci5nb29nbGUuY29t"", IMAGE(""https://api.qrserver.com/v1/create-qr-code/?size=150x150&data=https://www.google.com/calendar/event?eid=ZTByYnFvN28zaDFsZWViYzdpYzByanIyZTAgYjI3M2FiYmUyMWQxMDYyMWJiZjc0OTI2ZjI2MWEzMWMxZTkwY2NjYjhlOGQzZTIwNTgyNTQxYjA1ODYyMDAwZkBncm91cC5jYWxlbmRhci5nb29nbGUuY29t"",1))",https://www.google.com/calendar/event?eid=ZTByYnFvN28zaDFsZWViYzdpYzByanIyZTAgYjI3M2FiYmUyMWQxMDYyMWJiZjc0OTI2ZjI2MWEzMWMxZTkwY2NjYjhlOGQzZTIwNTgyNTQxYjA1ODYyMDAwZkBncm91cC5jYWxlbmRhci5nb29nbGUuY29t,"=HYPERLINK(""https://www.google.com/calendar/event?eid=ZTByYnFvN28zaDFsZWViYzdpYzByanIyZTAgYjI3M2FiYmUyMWQxMDYyMWJiZjc0OTI2ZjI2MWEzMWMxZTkwY2NjYjhlOGQzZTIwNTgyNTQxYjA1ODYyMDAwZkBncm91cC5jYWxlbmRhci5nb29nbGUuY29t"",""photo booth for rent near Culver City"")",,
Calendar - All Day Event,Calendar - photo booth for rent near Culver City - Event,"=HYPERLINK(""https://www.google.com/calendar/event?eid=NHQ0M25uZTNhdmpobWtudGg2bnByMWFtMGsgYjI3M2FiYmUyMWQxMDYyMWJiZjc0OTI2ZjI2MWEzMWMxZTkwY2NjYjhlOGQzZTIwNTgyNTQxYjA1ODYyMDAwZkBncm91cC5jYWxlbmRhci5nb29nbGUuY29t"", IMAGE(""https://api.qrserver.com/v1/create-qr-code/?size=150x150&data=https://www.google.com/calendar/event?eid=NHQ0M25uZTNhdmpobWtudGg2bnByMWFtMGsgYjI3M2FiYmUyMWQxMDYyMWJiZjc0OTI2ZjI2MWEzMWMxZTkwY2NjYjhlOGQzZTIwNTgyNTQxYjA1ODYyMDAwZkBncm91cC5jYWxlbmRhci5nb29nbGUuY29t"",1))",https://www.google.com/calendar/event?eid=NHQ0M25uZTNhdmpobWtudGg2bnByMWFtMGsgYjI3M2FiYmUyMWQxMDYyMWJiZjc0OTI2ZjI2MWEzMWMxZTkwY2NjYjhlOGQzZTIwNTgyNTQxYjA1ODYyMDAwZkBncm91cC5jYWxlbmRhci5nb29nbGUuY29t,"=HYPERLINK(""https://www.google.com/calendar/event?eid=NHQ0M25uZTNhdmpobWtudGg2bnByMWFtMGsgYjI3M2FiYmUyMWQxMDYyMWJiZjc0OTI2ZjI2MWEzMWMxZTkwY2NjYjhlOGQzZTIwNTgyNTQxYjA1ODYyMDAwZkBncm91cC5jYWxlbmRhci5nb29nbGUuY29t"",""photo booth for rent near Culver City"")",,
Calendar - All Day Event,Calendar - photo booth for rent near Culver City - Event,"=HYPERLINK(""https://www.google.com/calendar/event?eid=NG1hcmYzYWhta3M1NGZwZXVjdHFic2c2amMgYjI3M2FiYmUyMWQxMDYyMWJiZjc0OTI2ZjI2MWEzMWMxZTkwY2NjYjhlOGQzZTIwNTgyNTQxYjA1ODYyMDAwZkBncm91cC5jYWxlbmRhci5nb29nbGUuY29t"", IMAGE(""https://api.qrserver.com/v1/create-qr-code/?size=150x150&data=https://www.google.com/calendar/event?eid=NG1hcmYzYWhta3M1NGZwZXVjdHFic2c2amMgYjI3M2FiYmUyMWQxMDYyMWJiZjc0OTI2ZjI2MWEzMWMxZTkwY2NjYjhlOGQzZTIwNTgyNTQxYjA1ODYyMDAwZkBncm91cC5jYWxlbmRhci5nb29nbGUuY29t"",1))",https://www.google.com/calendar/event?eid=NG1hcmYzYWhta3M1NGZwZXVjdHFic2c2amMgYjI3M2FiYmUyMWQxMDYyMWJiZjc0OTI2ZjI2MWEzMWMxZTkwY2NjYjhlOGQzZTIwNTgyNTQxYjA1ODYyMDAwZkBncm91cC5jYWxlbmRhci5nb29nbGUuY29t,"=HYPERLINK(""https://www.google.com/calendar/event?eid=NG1hcmYzYWhta3M1NGZwZXVjdHFic2c2amMgYjI3M2FiYmUyMWQxMDYyMWJiZjc0OTI2ZjI2MWEzMWMxZTkwY2NjYjhlOGQzZTIwNTgyNTQxYjA1ODYyMDAwZkBncm91cC5jYWxlbmRhci5nb29nbGUuY29t"",""photo booth for rent near Culver City"")",,
Calendar - All Day Event,Calendar - photo booth for rent near Culver City - Event,"=HYPERLINK(""https://www.google.com/calendar/event?eid=ZGwyNmJvcjZuMGZlbTZ0cGdncm5lamE1Z3MgYjI3M2FiYmUyMWQxMDYyMWJiZjc0OTI2ZjI2MWEzMWMxZTkwY2NjYjhlOGQzZTIwNTgyNTQxYjA1ODYyMDAwZkBncm91cC5jYWxlbmRhci5nb29nbGUuY29t"", IMAGE(""https://api.qrserver.com/v1/create-qr-code/?size=150x150&data=https://www.google.com/calendar/event?eid=ZGwyNmJvcjZuMGZlbTZ0cGdncm5lamE1Z3MgYjI3M2FiYmUyMWQxMDYyMWJiZjc0OTI2ZjI2MWEzMWMxZTkwY2NjYjhlOGQzZTIwNTgyNTQxYjA1ODYyMDAwZkBncm91cC5jYWxlbmRhci5nb29nbGUuY29t"",1))",https://www.google.com/calendar/event?eid=ZGwyNmJvcjZuMGZlbTZ0cGdncm5lamE1Z3MgYjI3M2FiYmUyMWQxMDYyMWJiZjc0OTI2ZjI2MWEzMWMxZTkwY2NjYjhlOGQzZTIwNTgyNTQxYjA1ODYyMDAwZkBncm91cC5jYWxlbmRhci5nb29nbGUuY29t,"=HYPERLINK(""https://www.google.com/calendar/event?eid=ZGwyNmJvcjZuMGZlbTZ0cGdncm5lamE1Z3MgYjI3M2FiYmUyMWQxMDYyMWJiZjc0OTI2ZjI2MWEzMWMxZTkwY2NjYjhlOGQzZTIwNTgyNTQxYjA1ODYyMDAwZkBncm91cC5jYWxlbmRhci5nb29nbGUuY29t"",""photo booth for rent near Culver City"")",,
video,photo booth for rent near Culver City,"=HYPERLINK(""https://youtu.be/7LllWbcsav0"", IMAGE(""https://api.qrserver.com/v1/create-qr-code/?size=150x150&data=https://youtu.be/7LllWbcsav0"",1))",https://youtu.be/7LllWbcsav0,"=HYPERLINK(""https://youtu.be/7LllWbcsav0"",""photo booth for rent near Culver City"")",,
video,photo booth for rent near Culver City,"=HYPERLINK(""https://youtu.be/gg9HqdfCNPU"", IMAGE(""https://api.qrserver.com/v1/create-qr-code/?size=150x150&data=https://youtu.be/gg9HqdfCNPU"",1))",https://youtu.be/gg9HqdfCNPU,"=HYPERLINK(""https://youtu.be/gg9HqdfCNPU"",""photo booth for rent near Culver City"")",,
video,photo booth for rent near Culver City,"=HYPERLINK(""https://youtu.be/oqjwKz3NvlY"", IMAGE(""https://api.qrserver.com/v1/create-qr-code/?size=150x150&data=https://youtu.be/oqjwKz3NvlY"",1))",https://youtu.be/oqjwKz3NvlY,"=HYPERLINK(""https://youtu.be/oqjwKz3NvlY"",""photo booth for rent near Culver City"")",,
video,photo booth for rent near Culver City,"=HYPERLINK(""https://youtu.be/sRroGoy86Gs"", IMAGE(""https://api.qrserver.com/v1/create-qr-code/?size=150x150&data=https://youtu.be/sRroGoy86Gs"",1))",https://youtu.be/sRroGoy86Gs,"=HYPERLINK(""https://youtu.be/sRroGoy86Gs"",""photo booth for rent near Culver City"")",,
video,photo booth for rent near Culver City,"=HYPERLINK(""https://youtu.be/qlzCxiTrIDk"", IMAGE(""https://api.qrserver.com/v1/create-qr-code/?size=150x150&data=https://youtu.be/qlzCxiTrIDk"",1))",https://youtu.be/qlzCxiTrIDk,"=HYPERLINK(""https://youtu.be/qlzCxiTrIDk"",""photo booth for rent near Culver City"")",,
sheet,Sheet1,"=HYPERLINK(""https://docs.google.com/spreadsheets/d/1i-GQ5B8JUqhJaXgaPVdbBHSAxxKrbk3yuCfWg0-qL0c/edit#gid=0"", IMAGE(""https://api.qrserver.com/v1/create-qr-code/?size=150x150&data=https://docs.google.com/spreadsheets/d/1i-GQ5B8JUqhJaXgaPVdbBHSAxxKrbk3yuCfWg0-qL0c/edit#gid=0"",1))",https://docs.google.com/spreadsheets/d/1i-GQ5B8JUqhJaXgaPVdbBHSAxxKrbk3yuCfWg0-qL0c/edit#gid=0,"=HYPERLINK(""https://docs.google.com/spreadsheets/d/1i-GQ5B8JUqhJaXgaPVdbBHSAxxKrbk3yuCfWg0-qL0c/edit#gid=0"",""photo booth for rent near Culver City Sheet1"")",,
sheet,Keywords,"=HYPERLINK(""https://docs.google.com/spreadsheets/d/1i-GQ5B8JUqhJaXgaPVdbBHSAxxKrbk3yuCfWg0-qL0c/edit#gid=1081067492"", IMAGE(""https://api.qrserver.com/v1/create-qr-code/?size=150x150&data=https://docs.google.com/spreadsheets/d/1i-GQ5B8JUqhJaXgaPVdbBHSAxxKrbk3yuCfWg0-qL0c/edit#gid=1081067492"",1))",https://docs.google.com/spreadsheets/d/1i-GQ5B8JUqhJaXgaPVdbBHSAxxKrbk3yuCfWg0-qL0c/edit#gid=1081067492,"=HYPERLINK(""https://docs.google.com/spreadsheets/d/1i-GQ5B8JUqhJaXgaPVdbBHSAxxKrbk3yuCfWg0-qL0c/edit#gid=1081067492"",""photo booth for rent near Culver City Keywords"")",,
sheet,Content,"=HYPERLINK(""https://docs.google.com/spreadsheets/d/1i-GQ5B8JUqhJaXgaPVdbBHSAxxKrbk3yuCfWg0-qL0c/edit#gid=1941641267"", IMAGE(""https://api.qrserver.com/v1/create-qr-code/?size=150x150&data=https://docs.google.com/spreadsheets/d/1i-GQ5B8JUqhJaXgaPVdbBHSAxxKrbk3yuCfWg0-qL0c/edit#gid=1941641267"",1))",https://docs.google.com/spreadsheets/d/1i-GQ5B8JUqhJaXgaPVdbBHSAxxKrbk3yuCfWg0-qL0c/edit#gid=1941641267,"=HYPERLINK(""https://docs.google.com/spreadsheets/d/1i-GQ5B8JUqhJaXgaPVdbBHSAxxKrbk3yuCfWg0-qL0c/edit#gid=1941641267"",""photo booth for rent near Culver City Content"")",,
sheet,Calendar Events,"=HYPERLINK(""https://docs.google.com/spreadsheets/d/1i-GQ5B8JUqhJaXgaPVdbBHSAxxKrbk3yuCfWg0-qL0c/edit#gid=251683407"", IMAGE(""https://api.qrserver.com/v1/create-qr-code/?size=150x150&data=https://docs.google.com/spreadsheets/d/1i-GQ5B8JUqhJaXgaPVdbBHSAxxKrbk3yuCfWg0-qL0c/edit#gid=251683407"",1))",https://docs.google.com/spreadsheets/d/1i-GQ5B8JUqhJaXgaPVdbBHSAxxKrbk3yuCfWg0-qL0c/edit#gid=251683407,"=HYPERLINK(""https://docs.google.com/spreadsheets/d/1i-GQ5B8JUqhJaXgaPVdbBHSAxxKrbk3yuCfWg0-qL0c/edit#gid=251683407"",""photo booth for rent near Culver City Calendar Events"")",,
sheet,RSS Feeds,"=HYPERLINK(""https://docs.google.com/spreadsheets/d/1i-GQ5B8JUqhJaXgaPVdbBHSAxxKrbk3yuCfWg0-qL0c/edit#gid=406453205"", IMAGE(""https://api.qrserver.com/v1/create-qr-code/?size=150x150&data=https://docs.google.com/spreadsheets/d/1i-GQ5B8JUqhJaXgaPVdbBHSAxxKrbk3yuCfWg0-qL0c/edit#gid=406453205"",1))",https://docs.google.com/spreadsheets/d/1i-GQ5B8JUqhJaXgaPVdbBHSAxxKrbk3yuCfWg0-qL0c/edit#gid=406453205,"=HYPERLINK(""https://docs.google.com/spreadsheets/d/1i-GQ5B8JUqhJaXgaPVdbBHSAxxKrbk3yuCfWg0-qL0c/edit#gid=406453205"",""photo booth for rent near Culver City RSS Feeds"")",,
