keyword,photo booth for rental in Culver City,photo booth for rental in Culver City,https://www.luckyfrogphotos.com/culvercityphotobooth.html
keyword,rent photo booth Culver City,rent photo booth Culver City,https://drive.google.com/drive/folders/1Ih_ZJ3oBy7pzS4QXP7YNkcjYAUCjJkz6?usp=sharing
keyword,Culver City photo booth,Culver City photo booth,https://docs.google.com/document/d/13oANLKxsnKf-P_UJz1Ti1btRDMbiZycfdl955jXXBCA/edit?usp=sharing
keyword,photobooth rental Culver City,photobooth rental Culver City,https://docs.google.com/document/d/13oANLKxsnKf-P_UJz1Ti1btRDMbiZycfdl955jXXBCA/pub
keyword,photo booth with backdrop Culver City,photo booth with backdrop Culver City,https://docs.google.com/document/d/1Jk9pVtj3Am0cKDZ5ycxm-qa29wTdxoiimToWArPRs2k/edit?usp=sharing
keyword,renting a photo booth near Culver City,renting a photo booth near Culver City,https://docs.google.com/document/d/1Jk9pVtj3Am0cKDZ5ycxm-qa29wTdxoiimToWArPRs2k/pub
keyword,photo booth rental Culver City,photo booth rental Culver City,https://docs.google.com/document/d/1Jk9pVtj3Am0cKDZ5ycxm-qa29wTdxoiimToWArPRs2k/view
keyword,rental a photo booth Culver City,rental a photo booth Culver City,https://docs.google.com/document/d/1HeiK7FYJgP6eglQEW2kcGoVoWNLU4mrRvU7tLvj0UC8/edit?usp=sharing
keyword,photobooth rental Culver City,photobooth rental Culver City,https://docs.google.com/document/d/1HeiK7FYJgP6eglQEW2kcGoVoWNLU4mrRvU7tLvj0UC8/pub
keyword,photo booth for rent Culver City,photo booth for rent Culver City,https://docs.google.com/document/d/1HeiK7FYJgP6eglQEW2kcGoVoWNLU4mrRvU7tLvj0UC8/view
keyword,renting a photo booth Culver City,renting a photo booth Culver City,https://docs.google.com/document/d/12JHPMRYAt3LQhVa_OJc7HrUelFGWUFmEmv4RYMEhLBM/edit?usp=sharing
keyword,photo booth rental Culver City,photo booth rental Culver City,https://docs.google.com/document/d/12JHPMRYAt3LQhVa_OJc7HrUelFGWUFmEmv4RYMEhLBM/pub
keyword,photo booth rentals Culver City,photo booth rentals Culver City,https://docs.google.com/document/d/12JHPMRYAt3LQhVa_OJc7HrUelFGWUFmEmv4RYMEhLBM/view
keyword,photobooth rental Culver City,photobooth rental Culver City,https://docs.google.com/document/d/132iX6of2Ew9uulQo0H6pjAESwQTxw1YNNpO3_NeRu8Y/edit?usp=sharing
keyword,renting a photo booth in Culver City,renting a photo booth in Culver City,https://docs.google.com/document/d/132iX6of2Ew9uulQo0H6pjAESwQTxw1YNNpO3_NeRu8Y/pub
keyword,rent a photobooth Culver City,rent a photobooth Culver City,https://docs.google.com/document/d/132iX6of2Ew9uulQo0H6pjAESwQTxw1YNNpO3_NeRu8Y/view
keyword,photo booth rental package Culver City,photo booth rental package Culver City,https://docs.google.com/document/d/1CZXf38h-vYO5LY5SPjjuhwgEshgdfYL6wmDgAzlyhmM/edit?usp=sharing
keyword,photobooth for rent Culver City,photobooth for rent Culver City,https://docs.google.com/document/d/1CZXf38h-vYO5LY5SPjjuhwgEshgdfYL6wmDgAzlyhmM/pub
keyword,photo booths rent Culver City,photo booths rent Culver City,https://docs.google.com/document/d/1CZXf38h-vYO5LY5SPjjuhwgEshgdfYL6wmDgAzlyhmM/view
keyword,renting a photo booth in Culver City,renting a photo booth in Culver City,https://docs.google.com/document/d/1JXU-T6ozH4KAYtMmZYIQGFEH9eFTkao7EtTTT-AAKTA/edit?usp=sharing
keyword,corporate event photo booth Culver City,corporate event photo booth Culver City,https://docs.google.com/document/d/1JXU-T6ozH4KAYtMmZYIQGFEH9eFTkao7EtTTT-AAKTA/pub