keyword	photo booth for rent near Culver City	photo booth for rent near Culver City	https://www.luckyfrogphotos.com/culvercityphotobooth.html
keyword	Selfie GIF booth rental West Hollywood	Selfie GIF booth rental West Hollywood	https://drive.google.com/drive/folders/12HUTB40d7vBGZdWR3Jpb6gA7gLVEqUgW?usp=sharing
keyword	VOGUE  booth rental Culver City	VOGUE  booth rental Culver City	https://docs.google.com/document/d/1pstn8Y_gL5uBVHV2emWjg0BlswXUiExcsWp6fg7bHgM/edit?usp=sharing
keyword	photo booth rental Culver City	photo booth rental Culver City	https://docs.google.com/document/d/1pstn8Y_gL5uBVHV2emWjg0BlswXUiExcsWp6fg7bHgM/pub
keyword	photo booths rental Culver City	photo booths rental Culver City	https://docs.google.com/document/d/1K5jFySVLEO4SU62csTRyiPkICZ--GIryNYjgyugmc2M/edit?usp=sharing
keyword	photo booth rental in Culver City	photo booth rental in Culver City	https://docs.google.com/document/d/1K5jFySVLEO4SU62csTRyiPkICZ--GIryNYjgyugmc2M/pub
keyword	photo booth for rental in Culver City	photo booth for rental in Culver City	https://docs.google.com/document/d/1K5jFySVLEO4SU62csTRyiPkICZ--GIryNYjgyugmc2M/view
keyword	photobooth for rent Culver City	photobooth for rent Culver City	https://docs.google.com/document/d/1a32qn4FrpITeqRazApWwf95En187eyg9srMOMGX8rg0/edit?usp=sharing
keyword	rental photobooth Culver City	rental photobooth Culver City	https://docs.google.com/document/d/1a32qn4FrpITeqRazApWwf95En187eyg9srMOMGX8rg0/pub
keyword	rent photo booth Culver City	rent photo booth Culver City	https://docs.google.com/document/d/1a32qn4FrpITeqRazApWwf95En187eyg9srMOMGX8rg0/view
keyword	rental photo booths Culver City	rental photo booths Culver City	https://docs.google.com/document/d/18Tkad7DE8zYoWTYl2DgF8QcC72BFabQA5RhC9IZZfkw/edit?usp=sharing
keyword	photobooth printing Culver City	photobooth printing Culver City	https://docs.google.com/document/d/18Tkad7DE8zYoWTYl2DgF8QcC72BFabQA5RhC9IZZfkw/pub
keyword	rent photo booth Culver City	rent photo booth Culver City	https://docs.google.com/document/d/18Tkad7DE8zYoWTYl2DgF8QcC72BFabQA5RhC9IZZfkw/view
keyword	Culver City photo booth	Culver City photo booth	https://docs.google.com/document/d/1fjylV1AxkhQRfAJpK2EEBBHnbR_CQJZ3rjkYHlHoOuw/edit?usp=sharing
keyword	photobooth rental Culver City	photobooth rental Culver City	https://docs.google.com/document/d/1fjylV1AxkhQRfAJpK2EEBBHnbR_CQJZ3rjkYHlHoOuw/pub
keyword	photo booth with backdrop Culver City	photo booth with backdrop Culver City	https://docs.google.com/document/d/1fjylV1AxkhQRfAJpK2EEBBHnbR_CQJZ3rjkYHlHoOuw/view
keyword	renting a photo booth near Culver City	renting a photo booth near Culver City	https://docs.google.com/document/d/1f9I9GuCS-sPB7qIzBjufRg3cVViHBAgup9VN07fOlvY/edit?usp=sharing
keyword	photo booth rental Culver City	photo booth rental Culver City	https://docs.google.com/document/d/1f9I9GuCS-sPB7qIzBjufRg3cVViHBAgup9VN07fOlvY/pub
keyword	rental a photo booth Culver City	rental a photo booth Culver City	https://docs.google.com/document/d/1f9I9GuCS-sPB7qIzBjufRg3cVViHBAgup9VN07fOlvY/view
keyword	photobooth rental Culver City	photobooth rental Culver City	https://docs.google.com/document/d/1uzQufAPqJd92Tc9a5mDRRrO8zyNRWBYLnxdXTYTv3Lg/edit?usp=sharing
keyword	photo booth for rent Culver City	photo booth for rent Culver City	https://docs.google.com/document/d/1uzQufAPqJd92Tc9a5mDRRrO8zyNRWBYLnxdXTYTv3Lg/pub