keyword,rent a photobooth Culver City,rent a photobooth Culver City,https://sites.google.com/view/culvercityphotoboothrentals/photo-booth-for-rental-in-culver-city
keyword,photo booth for rental in Culver City,photo booth for rental in Culver City,https://drive.google.com/drive/folders/10YXZfXT0980eotNUJDgcSu94rOQCEjll?usp=sharing
keyword,photobooth for rent Culver City,photobooth for rent Culver City,https://docs.google.com/document/d/1j4CcQ9Ot3Oekiq9ihXWriATpxSpTpLjwA3lQT3mE5ZM/edit?usp=sharing
keyword,rental photobooth Culver City,rental photobooth Culver City,https://docs.google.com/document/d/1j4CcQ9Ot3Oekiq9ihXWriATpxSpTpLjwA3lQT3mE5ZM/pub
keyword,rent photo booth Culver City,rent photo booth Culver City,https://docs.google.com/document/d/1051K_uquJEwJxt9iEWnPMNtKpMsjPT2gXO7Yjc7Fc48/edit?usp=sharing
keyword,rental photo booths Culver City,rental photo booths Culver City,https://docs.google.com/document/d/1051K_uquJEwJxt9iEWnPMNtKpMsjPT2gXO7Yjc7Fc48/pub
keyword,photobooth printing Culver City,photobooth printing Culver City,https://docs.google.com/document/d/1051K_uquJEwJxt9iEWnPMNtKpMsjPT2gXO7Yjc7Fc48/view
keyword,rent photo booth Culver City,rent photo booth Culver City,https://docs.google.com/document/d/1RFADyqhtSZlo5tX6WZsRlOyhYHvgZMWBx6TfTg_DI10/edit?usp=sharing
keyword,Culver City photo booth,Culver City photo booth,https://docs.google.com/document/d/1RFADyqhtSZlo5tX6WZsRlOyhYHvgZMWBx6TfTg_DI10/pub
keyword,photobooth rental Culver City,photobooth rental Culver City,https://docs.google.com/document/d/1RFADyqhtSZlo5tX6WZsRlOyhYHvgZMWBx6TfTg_DI10/view
keyword,photo booth with backdrop Culver City,photo booth with backdrop Culver City,https://docs.google.com/document/d/10P-d-T8jlr4n8m6k5jS-RvUt6iMY0mRVNOFxqms2ljM/edit?usp=sharing
keyword,renting a photo booth near Culver City,renting a photo booth near Culver City,https://docs.google.com/document/d/10P-d-T8jlr4n8m6k5jS-RvUt6iMY0mRVNOFxqms2ljM/pub
keyword,photo booth rental Culver City,photo booth rental Culver City,https://docs.google.com/document/d/10P-d-T8jlr4n8m6k5jS-RvUt6iMY0mRVNOFxqms2ljM/view
keyword,rental a photo booth Culver City,rental a photo booth Culver City,https://docs.google.com/document/d/1crTEIFEq9_YVrIO2EFVz_4tdKKYoAK_Qyi8AMiSN3CM/edit?usp=sharing
keyword,photobooth rental Culver City,photobooth rental Culver City,https://docs.google.com/document/d/1crTEIFEq9_YVrIO2EFVz_4tdKKYoAK_Qyi8AMiSN3CM/pub
keyword,photo booth for rent Culver City,photo booth for rent Culver City,https://docs.google.com/document/d/1crTEIFEq9_YVrIO2EFVz_4tdKKYoAK_Qyi8AMiSN3CM/view
keyword,renting a photo booth Culver City,renting a photo booth Culver City,https://docs.google.com/document/d/1d6lLKhWz4e3sbvJ7DoH-gOmqFNnAgCUZ2lBPugNVdUA/edit?usp=sharing
keyword,photo booth rental Culver City,photo booth rental Culver City,https://docs.google.com/document/d/1d6lLKhWz4e3sbvJ7DoH-gOmqFNnAgCUZ2lBPugNVdUA/pub
keyword,photo booth rentals Culver City,photo booth rentals Culver City,https://docs.google.com/document/d/1d6lLKhWz4e3sbvJ7DoH-gOmqFNnAgCUZ2lBPugNVdUA/view
keyword,photobooth rental Culver City,photobooth rental Culver City,https://docs.google.com/document/d/1V5Na7mjeJDjDqboZ4suyJVT-gQzwzRq4yKL1qzRZJBI/edit?usp=sharing
keyword,renting a photo booth in Culver City,renting a photo booth in Culver City,https://docs.google.com/document/d/1V5Na7mjeJDjDqboZ4suyJVT-gQzwzRq4yKL1qzRZJBI/pub