target url,rent a photobooth Culver City,"=HYPERLINK(""https://sites.google.com/view/culvercityphotoboothrentals/photo-booth-for-rental-in-culver-city"", IMAGE(""https://api.qrserver.com/v1/create-qr-code/?size=150x150&data=https://sites.google.com/view/culvercityphotoboothrentals/photo-booth-for-rental-in-culver-city"",1))",https://sites.google.com/view/culvercityphotoboothrentals/photo-booth-for-rental-in-culver-city,"=HYPERLINK(""https://sites.google.com/view/culvercityphotoboothrentals/photo-booth-for-rental-in-culver-city"",""rent a photobooth Culver City"")",,
folder top,rent a photobooth Culver City,"=HYPERLINK(""https://drive.google.com/drive/folders/1fuHHsCAH3rEgYwZnXeyRBs2SmDEnp-nv?usp=sharing"", IMAGE(""https://api.qrserver.com/v1/create-qr-code/?size=150x150&data=https://drive.google.com/drive/folders/1fuHHsCAH3rEgYwZnXeyRBs2SmDEnp-nv?usp=sharing"",1))",https://drive.google.com/drive/folders/1fuHHsCAH3rEgYwZnXeyRBs2SmDEnp-nv?usp=sharing,"=HYPERLINK(""https://drive.google.com/drive/folders/1fuHHsCAH3rEgYwZnXeyRBs2SmDEnp-nv?usp=sharing"",""rent a photobooth Culver City"")",,
rss feed,rent a photobooth Culver City,"=HYPERLINK(""https://news.google.com/rss/search?q=videobooth"", IMAGE(""https://api.qrserver.com/v1/create-qr-code/?size=150x150&data=https://news.google.com/rss/search?q=videobooth"",1))",https://news.google.com/rss/search?q=videobooth,"=HYPERLINK(""https://news.google.com/rss/search?q=videobooth"",""rent a photobooth Culver City"")",,
folder articles,rent a photobooth Culver City Articles,"=HYPERLINK(""https://drive.google.com/drive/folders/1pEpmw7R3HNOAUdcICCLOreBofpE2yGoF?usp=sharing"", IMAGE(""https://api.qrserver.com/v1/create-qr-code/?size=150x150&data=https://drive.google.com/drive/folders/1pEpmw7R3HNOAUdcICCLOreBofpE2yGoF?usp=sharing"",1))",https://drive.google.com/drive/folders/1pEpmw7R3HNOAUdcICCLOreBofpE2yGoF?usp=sharing,"=HYPERLINK(""https://drive.google.com/drive/folders/1pEpmw7R3HNOAUdcICCLOreBofpE2yGoF?usp=sharing"",""rent a photobooth Culver City Articles"")",,
folder photos,rent a photobooth Culver City Photos,"=HYPERLINK(""https://drive.google.com/drive/folders/1dlDwisqZhP23DR0kqIY5lr_1qYc6QWiX?usp=sharing"", IMAGE(""https://api.qrserver.com/v1/create-qr-code/?size=150x150&data=https://drive.google.com/drive/folders/1dlDwisqZhP23DR0kqIY5lr_1qYc6QWiX?usp=sharing"",1))",https://drive.google.com/drive/folders/1dlDwisqZhP23DR0kqIY5lr_1qYc6QWiX?usp=sharing,"=HYPERLINK(""https://drive.google.com/drive/folders/1dlDwisqZhP23DR0kqIY5lr_1qYc6QWiX?usp=sharing"",""rent a photobooth Culver City Photos"")",,
folder pdfs,rent a photobooth Culver City PDFs,"=HYPERLINK(""https://drive.google.com/drive/folders/1y9lVsQUcwb3Aeq7tKrSQMQUhiAl36oIU?usp=sharing"", IMAGE(""https://api.qrserver.com/v1/create-qr-code/?size=150x150&data=https://drive.google.com/drive/folders/1y9lVsQUcwb3Aeq7tKrSQMQUhiAl36oIU?usp=sharing"",1))",https://drive.google.com/drive/folders/1y9lVsQUcwb3Aeq7tKrSQMQUhiAl36oIU?usp=sharing,"=HYPERLINK(""https://drive.google.com/drive/folders/1y9lVsQUcwb3Aeq7tKrSQMQUhiAl36oIU?usp=sharing"",""rent a photobooth Culver City PDFs"")",,
folder slides,rent a photobooth Culver City Slides,"=HYPERLINK(""https://drive.google.com/drive/folders/1VEY4nh2m77ZEI9xxD6v22_5rn66DVqgq?usp=sharing"", IMAGE(""https://api.qrserver.com/v1/create-qr-code/?size=150x150&data=https://drive.google.com/drive/folders/1VEY4nh2m77ZEI9xxD6v22_5rn66DVqgq?usp=sharing"",1))",https://drive.google.com/drive/folders/1VEY4nh2m77ZEI9xxD6v22_5rn66DVqgq?usp=sharing,"=HYPERLINK(""https://drive.google.com/drive/folders/1VEY4nh2m77ZEI9xxD6v22_5rn66DVqgq?usp=sharing"",""rent a photobooth Culver City Slides"")",,
photo,rent a photobooth Culver City,"=HYPERLINK(""https://drive.google.com/file/d/1ZsU5gDDZBaLVQnbQ7aDJiFTAiNn7ni7B/view?usp=sharing"", IMAGE(""https://api.qrserver.com/v1/create-qr-code/?size=150x150&data=https://drive.google.com/file/d/1ZsU5gDDZBaLVQnbQ7aDJiFTAiNn7ni7B/view?usp=sharing"",1))",https://drive.google.com/file/d/1ZsU5gDDZBaLVQnbQ7aDJiFTAiNn7ni7B/view?usp=sharing,"=HYPERLINK(""https://drive.google.com/file/d/1ZsU5gDDZBaLVQnbQ7aDJiFTAiNn7ni7B/view?usp=sharing"",""rent a photobooth Culver City"")",,
photo,rent a photobooth Culver City,"=HYPERLINK(""https://drive.google.com/file/d/1lD4Fq0UM5F8aM0p0X3azpyM8a8-S2WPc/view?usp=sharing"", IMAGE(""https://api.qrserver.com/v1/create-qr-code/?size=150x150&data=https://drive.google.com/file/d/1lD4Fq0UM5F8aM0p0X3azpyM8a8-S2WPc/view?usp=sharing"",1))",https://drive.google.com/file/d/1lD4Fq0UM5F8aM0p0X3azpyM8a8-S2WPc/view?usp=sharing,"=HYPERLINK(""https://drive.google.com/file/d/1lD4Fq0UM5F8aM0p0X3azpyM8a8-S2WPc/view?usp=sharing"",""rent a photobooth Culver City"")",,
photo,rent a photobooth Culver City,"=HYPERLINK(""https://drive.google.com/file/d/1nSiESju7gYC9IDzzn3otk4RkM8967uXE/view?usp=sharing"", IMAGE(""https://api.qrserver.com/v1/create-qr-code/?size=150x150&data=https://drive.google.com/file/d/1nSiESju7gYC9IDzzn3otk4RkM8967uXE/view?usp=sharing"",1))",https://drive.google.com/file/d/1nSiESju7gYC9IDzzn3otk4RkM8967uXE/view?usp=sharing,"=HYPERLINK(""https://drive.google.com/file/d/1nSiESju7gYC9IDzzn3otk4RkM8967uXE/view?usp=sharing"",""rent a photobooth Culver City"")",,
photo,rent a photobooth Culver City,"=HYPERLINK(""https://drive.google.com/file/d/1ik6EfpLZ9AIrZLiGoDaq9Rd2vkPjcAWG/view?usp=sharing"", IMAGE(""https://api.qrserver.com/v1/create-qr-code/?size=150x150&data=https://drive.google.com/file/d/1ik6EfpLZ9AIrZLiGoDaq9Rd2vkPjcAWG/view?usp=sharing"",1))",https://drive.google.com/file/d/1ik6EfpLZ9AIrZLiGoDaq9Rd2vkPjcAWG/view?usp=sharing,"=HYPERLINK(""https://drive.google.com/file/d/1ik6EfpLZ9AIrZLiGoDaq9Rd2vkPjcAWG/view?usp=sharing"",""rent a photobooth Culver City"")",,
spreadsheet,rent a photobooth Culver City,"=HYPERLINK(""https://docs.google.com/spreadsheets/d/1mQ7rKX1tj9YhcxXbAlX9ntNUdrSxLjxJvJIen7ZW-9c/edit?usp=sharing"", IMAGE(""https://api.qrserver.com/v1/create-qr-code/?size=150x150&data=https://docs.google.com/spreadsheets/d/1mQ7rKX1tj9YhcxXbAlX9ntNUdrSxLjxJvJIen7ZW-9c/edit?usp=sharing"",1))",https://docs.google.com/spreadsheets/d/1mQ7rKX1tj9YhcxXbAlX9ntNUdrSxLjxJvJIen7ZW-9c/edit?usp=sharing,"=HYPERLINK(""https://docs.google.com/spreadsheets/d/1mQ7rKX1tj9YhcxXbAlX9ntNUdrSxLjxJvJIen7ZW-9c/edit?usp=sharing"",""rent a photobooth Culver City"")",,
spreadsheet key,rent a photobooth Culver City key,"=HYPERLINK(""https://docs.google.com/spreadsheet/pub?key=1mQ7rKX1tj9YhcxXbAlX9ntNUdrSxLjxJvJIen7ZW-9c"", IMAGE(""https://api.qrserver.com/v1/create-qr-code/?size=150x150&data=https://docs.google.com/spreadsheet/pub?key=1mQ7rKX1tj9YhcxXbAlX9ntNUdrSxLjxJvJIen7ZW-9c"",1))",https://docs.google.com/spreadsheet/pub?key=1mQ7rKX1tj9YhcxXbAlX9ntNUdrSxLjxJvJIen7ZW-9c,"=HYPERLINK(""https://docs.google.com/spreadsheets/d/1mQ7rKX1tj9YhcxXbAlX9ntNUdrSxLjxJvJIen7ZW-9c/edit?usp=sharing"",""rent a photobooth Culver City"")",,
spreadsheet pubhtml,rent a photobooth Culver City pubhtml,"=HYPERLINK(""https://docs.google.com/spreadsheets/d/1mQ7rKX1tj9YhcxXbAlX9ntNUdrSxLjxJvJIen7ZW-9c/pubhtml"", IMAGE(""https://api.qrserver.com/v1/create-qr-code/?size=150x150&data=https://docs.google.com/spreadsheets/d/1mQ7rKX1tj9YhcxXbAlX9ntNUdrSxLjxJvJIen7ZW-9c/pubhtml"",1))",https://docs.google.com/spreadsheets/d/1mQ7rKX1tj9YhcxXbAlX9ntNUdrSxLjxJvJIen7ZW-9c/pubhtml,"=HYPERLINK(""https://docs.google.com/spreadsheets/d/1mQ7rKX1tj9YhcxXbAlX9ntNUdrSxLjxJvJIen7ZW-9c/edit?usp=sharing"",""rent a photobooth Culver City"")",,
spreadsheet pub,rent a photobooth Culver City pub,"=HYPERLINK(""https://docs.google.com/spreadsheets/d/1mQ7rKX1tj9YhcxXbAlX9ntNUdrSxLjxJvJIen7ZW-9c/pub"", IMAGE(""https://api.qrserver.com/v1/create-qr-code/?size=150x150&data=https://docs.google.com/spreadsheets/d/1mQ7rKX1tj9YhcxXbAlX9ntNUdrSxLjxJvJIen7ZW-9c/pub"",1))",https://docs.google.com/spreadsheets/d/1mQ7rKX1tj9YhcxXbAlX9ntNUdrSxLjxJvJIen7ZW-9c/pub,"=HYPERLINK(""https://docs.google.com/spreadsheets/d/1mQ7rKX1tj9YhcxXbAlX9ntNUdrSxLjxJvJIen7ZW-9c/edit?usp=sharing"",""rent a photobooth Culver City"")",,
spreadsheet view,rent a photobooth Culver City view,"=HYPERLINK(""https://docs.google.com/spreadsheets/d/1mQ7rKX1tj9YhcxXbAlX9ntNUdrSxLjxJvJIen7ZW-9c/view"", IMAGE(""https://api.qrserver.com/v1/create-qr-code/?size=150x150&data=https://docs.google.com/spreadsheets/d/1mQ7rKX1tj9YhcxXbAlX9ntNUdrSxLjxJvJIen7ZW-9c/view"",1))",https://docs.google.com/spreadsheets/d/1mQ7rKX1tj9YhcxXbAlX9ntNUdrSxLjxJvJIen7ZW-9c/view,"=HYPERLINK(""https://docs.google.com/spreadsheets/d/1mQ7rKX1tj9YhcxXbAlX9ntNUdrSxLjxJvJIen7ZW-9c/edit?usp=sharing"",""rent a photobooth Culver City"")",,
form,rent a photobooth Culver City,"=HYPERLINK(""https://docs.google.com/forms/d/167SSFPHH6YFKIuuhaBSF2oe1EVpTReEtSv3G0lopcp8/edit?usp=sharing"", IMAGE(""https://api.qrserver.com/v1/create-qr-code/?size=150x150&data=https://docs.google.com/forms/d/167SSFPHH6YFKIuuhaBSF2oe1EVpTReEtSv3G0lopcp8/edit?usp=sharing"",1))",https://docs.google.com/forms/d/167SSFPHH6YFKIuuhaBSF2oe1EVpTReEtSv3G0lopcp8/edit?usp=sharing,"=HYPERLINK(""https://docs.google.com/forms/d/167SSFPHH6YFKIuuhaBSF2oe1EVpTReEtSv3G0lopcp8/edit?usp=sharing"",""rent a photobooth Culver City"")",,
drawing,rent a photobooth Culver City,"=HYPERLINK(""https://docs.google.com/drawings/d/1hhxRkmPoauhHg1CR1AQxgd_ZxU2GprXzObWqkKjqCoM/edit?usp=sharing"", IMAGE(""https://api.qrserver.com/v1/create-qr-code/?size=150x150&data=https://docs.google.com/drawings/d/1hhxRkmPoauhHg1CR1AQxgd_ZxU2GprXzObWqkKjqCoM/edit?usp=sharing"",1))",https://docs.google.com/drawings/d/1hhxRkmPoauhHg1CR1AQxgd_ZxU2GprXzObWqkKjqCoM/edit?usp=sharing,"=HYPERLINK(""https://docs.google.com/drawings/d/1hhxRkmPoauhHg1CR1AQxgd_ZxU2GprXzObWqkKjqCoM/edit?usp=sharing"",""rent a photobooth Culver City"")",,
image,CTA or Logo,"=HYPERLINK(""https://drive.google.com/file/d/1Ub_baxN1yIKa7z6PHbWKiQ5Hv3QmkYdb/view?usp=drivesdk"", IMAGE(""https://api.qrserver.com/v1/create-qr-code/?size=150x150&data=https://drive.google.com/file/d/1Ub_baxN1yIKa7z6PHbWKiQ5Hv3QmkYdb/view?usp=drivesdk"",1))",https://drive.google.com/file/d/1Ub_baxN1yIKa7z6PHbWKiQ5Hv3QmkYdb/view?usp=drivesdk,,,
image link,CTA or Logo - image link,"=HYPERLINK(""https://sites.google.com/view/culvercityphotoboothrentals"", IMAGE(""https://api.qrserver.com/v1/create-qr-code/?size=150x150&data=https://sites.google.com/view/culvercityphotoboothrentals"",1))",https://sites.google.com/view/culvercityphotoboothrentals,,,
document,rent a photobooth Culver City,"=HYPERLINK(""https://docs.google.com/document/d/1-PWvtAB0pqpmGVA5mkyU2a8qMZnMtqCh3KmZOq9oI38/edit?usp=sharing"", IMAGE(""https://api.qrserver.com/v1/create-qr-code/?size=150x150&data=https://docs.google.com/document/d/1-PWvtAB0pqpmGVA5mkyU2a8qMZnMtqCh3KmZOq9oI38/edit?usp=sharing"",1))",https://docs.google.com/document/d/1-PWvtAB0pqpmGVA5mkyU2a8qMZnMtqCh3KmZOq9oI38/edit?usp=sharing,"=HYPERLINK(""https://docs.google.com/document/d/1-PWvtAB0pqpmGVA5mkyU2a8qMZnMtqCh3KmZOq9oI38/edit?usp=sharing"",""rent a photobooth Culver City"")",,
document pub,rent a photobooth Culver City pub,"=HYPERLINK(""https://docs.google.com/document/d/1-PWvtAB0pqpmGVA5mkyU2a8qMZnMtqCh3KmZOq9oI38/pub"", IMAGE(""https://api.qrserver.com/v1/create-qr-code/?size=150x150&data=https://docs.google.com/document/d/1-PWvtAB0pqpmGVA5mkyU2a8qMZnMtqCh3KmZOq9oI38/pub"",1))",https://docs.google.com/document/d/1-PWvtAB0pqpmGVA5mkyU2a8qMZnMtqCh3KmZOq9oI38/pub,"=HYPERLINK(""https://docs.google.com/document/d/1-PWvtAB0pqpmGVA5mkyU2a8qMZnMtqCh3KmZOq9oI38/edit?usp=sharing"",""rent a photobooth Culver City"")",,
document view,rent a photobooth Culver City view,"=HYPERLINK(""https://docs.google.com/document/d/1-PWvtAB0pqpmGVA5mkyU2a8qMZnMtqCh3KmZOq9oI38/view"", IMAGE(""https://api.qrserver.com/v1/create-qr-code/?size=150x150&data=https://docs.google.com/document/d/1-PWvtAB0pqpmGVA5mkyU2a8qMZnMtqCh3KmZOq9oI38/view"",1))",https://docs.google.com/document/d/1-PWvtAB0pqpmGVA5mkyU2a8qMZnMtqCh3KmZOq9oI38/view,"=HYPERLINK(""https://docs.google.com/document/d/1-PWvtAB0pqpmGVA5mkyU2a8qMZnMtqCh3KmZOq9oI38/edit?usp=sharing"",""rent a photobooth Culver City"")",,
presentation,rent a photobooth Culver City,"=HYPERLINK(""https://docs.google.com/presentation/d/1kklMLXQmEzDX2n3H3EhQYsjLUqb568_C41rGUzAruUI/edit?usp=sharing"", IMAGE(""https://api.qrserver.com/v1/create-qr-code/?size=150x150&data=https://docs.google.com/presentation/d/1kklMLXQmEzDX2n3H3EhQYsjLUqb568_C41rGUzAruUI/edit?usp=sharing"",1))",https://docs.google.com/presentation/d/1kklMLXQmEzDX2n3H3EhQYsjLUqb568_C41rGUzAruUI/edit?usp=sharing,"=HYPERLINK(""https://docs.google.com/presentation/d/1kklMLXQmEzDX2n3H3EhQYsjLUqb568_C41rGUzAruUI/edit?usp=sharing"",""rent a photobooth Culver City"")",,
presentation pub,rent a photobooth Culver City pub,"=HYPERLINK(""https://docs.google.com/presentation/d/1kklMLXQmEzDX2n3H3EhQYsjLUqb568_C41rGUzAruUI/pub?start=true&loop=true&delayms=3000"", IMAGE(""https://api.qrserver.com/v1/create-qr-code/?size=150x150&data=https://docs.google.com/presentation/d/1kklMLXQmEzDX2n3H3EhQYsjLUqb568_C41rGUzAruUI/pub?start=true&loop=true&delayms=3000"",1))",https://docs.google.com/presentation/d/1kklMLXQmEzDX2n3H3EhQYsjLUqb568_C41rGUzAruUI/pub?start=true&loop=true&delayms=3000,"=HYPERLINK(""https://docs.google.com/presentation/d/1kklMLXQmEzDX2n3H3EhQYsjLUqb568_C41rGUzAruUI/edit?usp=sharing"",""rent a photobooth Culver City"")",,
presentation view,rent a photobooth Culver City view,"=HYPERLINK(""https://docs.google.com/presentation/d/1kklMLXQmEzDX2n3H3EhQYsjLUqb568_C41rGUzAruUI/view"", IMAGE(""https://api.qrserver.com/v1/create-qr-code/?size=150x150&data=https://docs.google.com/presentation/d/1kklMLXQmEzDX2n3H3EhQYsjLUqb568_C41rGUzAruUI/view"",1))",https://docs.google.com/presentation/d/1kklMLXQmEzDX2n3H3EhQYsjLUqb568_C41rGUzAruUI/view,"=HYPERLINK(""https://docs.google.com/presentation/d/1kklMLXQmEzDX2n3H3EhQYsjLUqb568_C41rGUzAruUI/edit?usp=sharing"",""rent a photobooth Culver City"")",,
presentation html,rent a photobooth Culver City html,"=HYPERLINK(""https://docs.google.com/presentation/d/1kklMLXQmEzDX2n3H3EhQYsjLUqb568_C41rGUzAruUI/htmlpresent"", IMAGE(""https://api.qrserver.com/v1/create-qr-code/?size=150x150&data=https://docs.google.com/presentation/d/1kklMLXQmEzDX2n3H3EhQYsjLUqb568_C41rGUzAruUI/htmlpresent"",1))",https://docs.google.com/presentation/d/1kklMLXQmEzDX2n3H3EhQYsjLUqb568_C41rGUzAruUI/htmlpresent,"=HYPERLINK(""https://docs.google.com/presentation/d/1kklMLXQmEzDX2n3H3EhQYsjLUqb568_C41rGUzAruUI/edit?usp=sharing"",""rent a photobooth Culver City"")",,
calendar,Calendar - rent a photobooth Culver City,"=HYPERLINK(""https://calendar.google.com/calendar/embed?src=f43af842f339b244baa4e6db1bea8139a764afff5645f7c67a2d1fa58e37b18a@group.calendar.google.com"", IMAGE(""https://api.qrserver.com/v1/create-qr-code/?size=150x150&data=https://calendar.google.com/calendar/embed?src=f43af842f339b244baa4e6db1bea8139a764afff5645f7c67a2d1fa58e37b18a@group.calendar.google.com"",1))",https://calendar.google.com/calendar/embed?src=f43af842f339b244baa4e6db1bea8139a764afff5645f7c67a2d1fa58e37b18a@group.calendar.google.com,"=HYPERLINK(""https://calendar.google.com/calendar/embed?src=f43af842f339b244baa4e6db1bea8139a764afff5645f7c67a2d1fa58e37b18a@group.calendar.google.com"",""rent a photobooth Culver City"")",,
Calendar - All Day Event,Calendar - rent a photobooth Culver City - Event,"=HYPERLINK(""https://www.google.com/calendar/event?eid=NWt1YXE5M3E0ZGowODA4ZW11MGlwaTI4cjggZjQzYWY4NDJmMzM5YjI0NGJhYTRlNmRiMWJlYTgxMzlhNzY0YWZmZjU2NDVmN2M2N2EyZDFmYTU4ZTM3YjE4YUBncm91cC5jYWxlbmRhci5nb29nbGUuY29t"", IMAGE(""https://api.qrserver.com/v1/create-qr-code/?size=150x150&data=https://www.google.com/calendar/event?eid=NWt1YXE5M3E0ZGowODA4ZW11MGlwaTI4cjggZjQzYWY4NDJmMzM5YjI0NGJhYTRlNmRiMWJlYTgxMzlhNzY0YWZmZjU2NDVmN2M2N2EyZDFmYTU4ZTM3YjE4YUBncm91cC5jYWxlbmRhci5nb29nbGUuY29t"",1))",https://www.google.com/calendar/event?eid=NWt1YXE5M3E0ZGowODA4ZW11MGlwaTI4cjggZjQzYWY4NDJmMzM5YjI0NGJhYTRlNmRiMWJlYTgxMzlhNzY0YWZmZjU2NDVmN2M2N2EyZDFmYTU4ZTM3YjE4YUBncm91cC5jYWxlbmRhci5nb29nbGUuY29t,"=HYPERLINK(""https://www.google.com/calendar/event?eid=NWt1YXE5M3E0ZGowODA4ZW11MGlwaTI4cjggZjQzYWY4NDJmMzM5YjI0NGJhYTRlNmRiMWJlYTgxMzlhNzY0YWZmZjU2NDVmN2M2N2EyZDFmYTU4ZTM3YjE4YUBncm91cC5jYWxlbmRhci5nb29nbGUuY29t"",""rent a photobooth Culver City"")",,
Calendar - All Day Event,Calendar - rent a photobooth Culver City - Event,"=HYPERLINK(""https://www.google.com/calendar/event?eid=Z25xYjIzNWgycGJjYnB1Zm1hcm5uaHZpYTAgZjQzYWY4NDJmMzM5YjI0NGJhYTRlNmRiMWJlYTgxMzlhNzY0YWZmZjU2NDVmN2M2N2EyZDFmYTU4ZTM3YjE4YUBncm91cC5jYWxlbmRhci5nb29nbGUuY29t"", IMAGE(""https://api.qrserver.com/v1/create-qr-code/?size=150x150&data=https://www.google.com/calendar/event?eid=Z25xYjIzNWgycGJjYnB1Zm1hcm5uaHZpYTAgZjQzYWY4NDJmMzM5YjI0NGJhYTRlNmRiMWJlYTgxMzlhNzY0YWZmZjU2NDVmN2M2N2EyZDFmYTU4ZTM3YjE4YUBncm91cC5jYWxlbmRhci5nb29nbGUuY29t"",1))",https://www.google.com/calendar/event?eid=Z25xYjIzNWgycGJjYnB1Zm1hcm5uaHZpYTAgZjQzYWY4NDJmMzM5YjI0NGJhYTRlNmRiMWJlYTgxMzlhNzY0YWZmZjU2NDVmN2M2N2EyZDFmYTU4ZTM3YjE4YUBncm91cC5jYWxlbmRhci5nb29nbGUuY29t,"=HYPERLINK(""https://www.google.com/calendar/event?eid=Z25xYjIzNWgycGJjYnB1Zm1hcm5uaHZpYTAgZjQzYWY4NDJmMzM5YjI0NGJhYTRlNmRiMWJlYTgxMzlhNzY0YWZmZjU2NDVmN2M2N2EyZDFmYTU4ZTM3YjE4YUBncm91cC5jYWxlbmRhci5nb29nbGUuY29t"",""rent a photobooth Culver City"")",,
Calendar - All Day Event,Calendar - rent a photobooth Culver City - Event,"=HYPERLINK(""https://www.google.com/calendar/event?eid=MXE4cDYzOHU5ajcxOWd2YTAxMHNjMnMzOHMgZjQzYWY4NDJmMzM5YjI0NGJhYTRlNmRiMWJlYTgxMzlhNzY0YWZmZjU2NDVmN2M2N2EyZDFmYTU4ZTM3YjE4YUBncm91cC5jYWxlbmRhci5nb29nbGUuY29t"", IMAGE(""https://api.qrserver.com/v1/create-qr-code/?size=150x150&data=https://www.google.com/calendar/event?eid=MXE4cDYzOHU5ajcxOWd2YTAxMHNjMnMzOHMgZjQzYWY4NDJmMzM5YjI0NGJhYTRlNmRiMWJlYTgxMzlhNzY0YWZmZjU2NDVmN2M2N2EyZDFmYTU4ZTM3YjE4YUBncm91cC5jYWxlbmRhci5nb29nbGUuY29t"",1))",https://www.google.com/calendar/event?eid=MXE4cDYzOHU5ajcxOWd2YTAxMHNjMnMzOHMgZjQzYWY4NDJmMzM5YjI0NGJhYTRlNmRiMWJlYTgxMzlhNzY0YWZmZjU2NDVmN2M2N2EyZDFmYTU4ZTM3YjE4YUBncm91cC5jYWxlbmRhci5nb29nbGUuY29t,"=HYPERLINK(""https://www.google.com/calendar/event?eid=MXE4cDYzOHU5ajcxOWd2YTAxMHNjMnMzOHMgZjQzYWY4NDJmMzM5YjI0NGJhYTRlNmRiMWJlYTgxMzlhNzY0YWZmZjU2NDVmN2M2N2EyZDFmYTU4ZTM3YjE4YUBncm91cC5jYWxlbmRhci5nb29nbGUuY29t"",""rent a photobooth Culver City"")",,
Calendar - All Day Event,Calendar - rent a photobooth Culver City - Event,"=HYPERLINK(""https://www.google.com/calendar/event?eid=N29hbGY0cWphNTVxMWQxNW1pYnQ3Zmxpcm8gZjQzYWY4NDJmMzM5YjI0NGJhYTRlNmRiMWJlYTgxMzlhNzY0YWZmZjU2NDVmN2M2N2EyZDFmYTU4ZTM3YjE4YUBncm91cC5jYWxlbmRhci5nb29nbGUuY29t"", IMAGE(""https://api.qrserver.com/v1/create-qr-code/?size=150x150&data=https://www.google.com/calendar/event?eid=N29hbGY0cWphNTVxMWQxNW1pYnQ3Zmxpcm8gZjQzYWY4NDJmMzM5YjI0NGJhYTRlNmRiMWJlYTgxMzlhNzY0YWZmZjU2NDVmN2M2N2EyZDFmYTU4ZTM3YjE4YUBncm91cC5jYWxlbmRhci5nb29nbGUuY29t"",1))",https://www.google.com/calendar/event?eid=N29hbGY0cWphNTVxMWQxNW1pYnQ3Zmxpcm8gZjQzYWY4NDJmMzM5YjI0NGJhYTRlNmRiMWJlYTgxMzlhNzY0YWZmZjU2NDVmN2M2N2EyZDFmYTU4ZTM3YjE4YUBncm91cC5jYWxlbmRhci5nb29nbGUuY29t,"=HYPERLINK(""https://www.google.com/calendar/event?eid=N29hbGY0cWphNTVxMWQxNW1pYnQ3Zmxpcm8gZjQzYWY4NDJmMzM5YjI0NGJhYTRlNmRiMWJlYTgxMzlhNzY0YWZmZjU2NDVmN2M2N2EyZDFmYTU4ZTM3YjE4YUBncm91cC5jYWxlbmRhci5nb29nbGUuY29t"",""rent a photobooth Culver City"")",,
Calendar - All Day Event,Calendar - rent a photobooth Culver City - Event,"=HYPERLINK(""https://www.google.com/calendar/event?eid=cmFwMjNqaXI1Zml2NjdzN2FlMW5lYWZrZDQgZjQzYWY4NDJmMzM5YjI0NGJhYTRlNmRiMWJlYTgxMzlhNzY0YWZmZjU2NDVmN2M2N2EyZDFmYTU4ZTM3YjE4YUBncm91cC5jYWxlbmRhci5nb29nbGUuY29t"", IMAGE(""https://api.qrserver.com/v1/create-qr-code/?size=150x150&data=https://www.google.com/calendar/event?eid=cmFwMjNqaXI1Zml2NjdzN2FlMW5lYWZrZDQgZjQzYWY4NDJmMzM5YjI0NGJhYTRlNmRiMWJlYTgxMzlhNzY0YWZmZjU2NDVmN2M2N2EyZDFmYTU4ZTM3YjE4YUBncm91cC5jYWxlbmRhci5nb29nbGUuY29t"",1))",https://www.google.com/calendar/event?eid=cmFwMjNqaXI1Zml2NjdzN2FlMW5lYWZrZDQgZjQzYWY4NDJmMzM5YjI0NGJhYTRlNmRiMWJlYTgxMzlhNzY0YWZmZjU2NDVmN2M2N2EyZDFmYTU4ZTM3YjE4YUBncm91cC5jYWxlbmRhci5nb29nbGUuY29t,"=HYPERLINK(""https://www.google.com/calendar/event?eid=cmFwMjNqaXI1Zml2NjdzN2FlMW5lYWZrZDQgZjQzYWY4NDJmMzM5YjI0NGJhYTRlNmRiMWJlYTgxMzlhNzY0YWZmZjU2NDVmN2M2N2EyZDFmYTU4ZTM3YjE4YUBncm91cC5jYWxlbmRhci5nb29nbGUuY29t"",""rent a photobooth Culver City"")",,
Calendar - All Day Event,Calendar - rent a photobooth Culver City - Event,"=HYPERLINK(""https://www.google.com/calendar/event?eid=ZHVycGFybDFwMGNuZmExODRnc3JxZ2Yzc2MgZjQzYWY4NDJmMzM5YjI0NGJhYTRlNmRiMWJlYTgxMzlhNzY0YWZmZjU2NDVmN2M2N2EyZDFmYTU4ZTM3YjE4YUBncm91cC5jYWxlbmRhci5nb29nbGUuY29t"", IMAGE(""https://api.qrserver.com/v1/create-qr-code/?size=150x150&data=https://www.google.com/calendar/event?eid=ZHVycGFybDFwMGNuZmExODRnc3JxZ2Yzc2MgZjQzYWY4NDJmMzM5YjI0NGJhYTRlNmRiMWJlYTgxMzlhNzY0YWZmZjU2NDVmN2M2N2EyZDFmYTU4ZTM3YjE4YUBncm91cC5jYWxlbmRhci5nb29nbGUuY29t"",1))",https://www.google.com/calendar/event?eid=ZHVycGFybDFwMGNuZmExODRnc3JxZ2Yzc2MgZjQzYWY4NDJmMzM5YjI0NGJhYTRlNmRiMWJlYTgxMzlhNzY0YWZmZjU2NDVmN2M2N2EyZDFmYTU4ZTM3YjE4YUBncm91cC5jYWxlbmRhci5nb29nbGUuY29t,"=HYPERLINK(""https://www.google.com/calendar/event?eid=ZHVycGFybDFwMGNuZmExODRnc3JxZ2Yzc2MgZjQzYWY4NDJmMzM5YjI0NGJhYTRlNmRiMWJlYTgxMzlhNzY0YWZmZjU2NDVmN2M2N2EyZDFmYTU4ZTM3YjE4YUBncm91cC5jYWxlbmRhci5nb29nbGUuY29t"",""rent a photobooth Culver City"")",,
Calendar - All Day Event,Calendar - rent a photobooth Culver City - Event,"=HYPERLINK(""https://www.google.com/calendar/event?eid=MnBzMWptNjkyNTk1NzNpOGVlczJkZWkwZ2cgZjQzYWY4NDJmMzM5YjI0NGJhYTRlNmRiMWJlYTgxMzlhNzY0YWZmZjU2NDVmN2M2N2EyZDFmYTU4ZTM3YjE4YUBncm91cC5jYWxlbmRhci5nb29nbGUuY29t"", IMAGE(""https://api.qrserver.com/v1/create-qr-code/?size=150x150&data=https://www.google.com/calendar/event?eid=MnBzMWptNjkyNTk1NzNpOGVlczJkZWkwZ2cgZjQzYWY4NDJmMzM5YjI0NGJhYTRlNmRiMWJlYTgxMzlhNzY0YWZmZjU2NDVmN2M2N2EyZDFmYTU4ZTM3YjE4YUBncm91cC5jYWxlbmRhci5nb29nbGUuY29t"",1))",https://www.google.com/calendar/event?eid=MnBzMWptNjkyNTk1NzNpOGVlczJkZWkwZ2cgZjQzYWY4NDJmMzM5YjI0NGJhYTRlNmRiMWJlYTgxMzlhNzY0YWZmZjU2NDVmN2M2N2EyZDFmYTU4ZTM3YjE4YUBncm91cC5jYWxlbmRhci5nb29nbGUuY29t,"=HYPERLINK(""https://www.google.com/calendar/event?eid=MnBzMWptNjkyNTk1NzNpOGVlczJkZWkwZ2cgZjQzYWY4NDJmMzM5YjI0NGJhYTRlNmRiMWJlYTgxMzlhNzY0YWZmZjU2NDVmN2M2N2EyZDFmYTU4ZTM3YjE4YUBncm91cC5jYWxlbmRhci5nb29nbGUuY29t"",""rent a photobooth Culver City"")",,
Calendar - All Day Event,Calendar - rent a photobooth Culver City - Event,"=HYPERLINK(""https://www.google.com/calendar/event?eid=N3RmOWRhNmFzcjRxazZ2b3NoNmFlcGRlMzAgZjQzYWY4NDJmMzM5YjI0NGJhYTRlNmRiMWJlYTgxMzlhNzY0YWZmZjU2NDVmN2M2N2EyZDFmYTU4ZTM3YjE4YUBncm91cC5jYWxlbmRhci5nb29nbGUuY29t"", IMAGE(""https://api.qrserver.com/v1/create-qr-code/?size=150x150&data=https://www.google.com/calendar/event?eid=N3RmOWRhNmFzcjRxazZ2b3NoNmFlcGRlMzAgZjQzYWY4NDJmMzM5YjI0NGJhYTRlNmRiMWJlYTgxMzlhNzY0YWZmZjU2NDVmN2M2N2EyZDFmYTU4ZTM3YjE4YUBncm91cC5jYWxlbmRhci5nb29nbGUuY29t"",1))",https://www.google.com/calendar/event?eid=N3RmOWRhNmFzcjRxazZ2b3NoNmFlcGRlMzAgZjQzYWY4NDJmMzM5YjI0NGJhYTRlNmRiMWJlYTgxMzlhNzY0YWZmZjU2NDVmN2M2N2EyZDFmYTU4ZTM3YjE4YUBncm91cC5jYWxlbmRhci5nb29nbGUuY29t,"=HYPERLINK(""https://www.google.com/calendar/event?eid=N3RmOWRhNmFzcjRxazZ2b3NoNmFlcGRlMzAgZjQzYWY4NDJmMzM5YjI0NGJhYTRlNmRiMWJlYTgxMzlhNzY0YWZmZjU2NDVmN2M2N2EyZDFmYTU4ZTM3YjE4YUBncm91cC5jYWxlbmRhci5nb29nbGUuY29t"",""rent a photobooth Culver City"")",,
Calendar - All Day Event,Calendar - rent a photobooth Culver City - Event,"=HYPERLINK(""https://www.google.com/calendar/event?eid=MGh1MHNkZWxjM3VyZjF1OHFhYWttb2NzNm8gZjQzYWY4NDJmMzM5YjI0NGJhYTRlNmRiMWJlYTgxMzlhNzY0YWZmZjU2NDVmN2M2N2EyZDFmYTU4ZTM3YjE4YUBncm91cC5jYWxlbmRhci5nb29nbGUuY29t"", IMAGE(""https://api.qrserver.com/v1/create-qr-code/?size=150x150&data=https://www.google.com/calendar/event?eid=MGh1MHNkZWxjM3VyZjF1OHFhYWttb2NzNm8gZjQzYWY4NDJmMzM5YjI0NGJhYTRlNmRiMWJlYTgxMzlhNzY0YWZmZjU2NDVmN2M2N2EyZDFmYTU4ZTM3YjE4YUBncm91cC5jYWxlbmRhci5nb29nbGUuY29t"",1))",https://www.google.com/calendar/event?eid=MGh1MHNkZWxjM3VyZjF1OHFhYWttb2NzNm8gZjQzYWY4NDJmMzM5YjI0NGJhYTRlNmRiMWJlYTgxMzlhNzY0YWZmZjU2NDVmN2M2N2EyZDFmYTU4ZTM3YjE4YUBncm91cC5jYWxlbmRhci5nb29nbGUuY29t,"=HYPERLINK(""https://www.google.com/calendar/event?eid=MGh1MHNkZWxjM3VyZjF1OHFhYWttb2NzNm8gZjQzYWY4NDJmMzM5YjI0NGJhYTRlNmRiMWJlYTgxMzlhNzY0YWZmZjU2NDVmN2M2N2EyZDFmYTU4ZTM3YjE4YUBncm91cC5jYWxlbmRhci5nb29nbGUuY29t"",""rent a photobooth Culver City"")",,
Calendar - All Day Event,Calendar - rent a photobooth Culver City - Event,"=HYPERLINK(""https://www.google.com/calendar/event?eid=M252dG5sNjZ0aXE1dHE3Y2M1ZGZ1OGp2YW8gZjQzYWY4NDJmMzM5YjI0NGJhYTRlNmRiMWJlYTgxMzlhNzY0YWZmZjU2NDVmN2M2N2EyZDFmYTU4ZTM3YjE4YUBncm91cC5jYWxlbmRhci5nb29nbGUuY29t"", IMAGE(""https://api.qrserver.com/v1/create-qr-code/?size=150x150&data=https://www.google.com/calendar/event?eid=M252dG5sNjZ0aXE1dHE3Y2M1ZGZ1OGp2YW8gZjQzYWY4NDJmMzM5YjI0NGJhYTRlNmRiMWJlYTgxMzlhNzY0YWZmZjU2NDVmN2M2N2EyZDFmYTU4ZTM3YjE4YUBncm91cC5jYWxlbmRhci5nb29nbGUuY29t"",1))",https://www.google.com/calendar/event?eid=M252dG5sNjZ0aXE1dHE3Y2M1ZGZ1OGp2YW8gZjQzYWY4NDJmMzM5YjI0NGJhYTRlNmRiMWJlYTgxMzlhNzY0YWZmZjU2NDVmN2M2N2EyZDFmYTU4ZTM3YjE4YUBncm91cC5jYWxlbmRhci5nb29nbGUuY29t,"=HYPERLINK(""https://www.google.com/calendar/event?eid=M252dG5sNjZ0aXE1dHE3Y2M1ZGZ1OGp2YW8gZjQzYWY4NDJmMzM5YjI0NGJhYTRlNmRiMWJlYTgxMzlhNzY0YWZmZjU2NDVmN2M2N2EyZDFmYTU4ZTM3YjE4YUBncm91cC5jYWxlbmRhci5nb29nbGUuY29t"",""rent a photobooth Culver City"")",,
Calendar - All Day Event,Calendar - rent a photobooth Culver City - Event,"=HYPERLINK(""https://www.google.com/calendar/event?eid=Mzg0NWduOXAzMzBxcmdyM3ZyZTk0MmlkZG8gZjQzYWY4NDJmMzM5YjI0NGJhYTRlNmRiMWJlYTgxMzlhNzY0YWZmZjU2NDVmN2M2N2EyZDFmYTU4ZTM3YjE4YUBncm91cC5jYWxlbmRhci5nb29nbGUuY29t"", IMAGE(""https://api.qrserver.com/v1/create-qr-code/?size=150x150&data=https://www.google.com/calendar/event?eid=Mzg0NWduOXAzMzBxcmdyM3ZyZTk0MmlkZG8gZjQzYWY4NDJmMzM5YjI0NGJhYTRlNmRiMWJlYTgxMzlhNzY0YWZmZjU2NDVmN2M2N2EyZDFmYTU4ZTM3YjE4YUBncm91cC5jYWxlbmRhci5nb29nbGUuY29t"",1))",https://www.google.com/calendar/event?eid=Mzg0NWduOXAzMzBxcmdyM3ZyZTk0MmlkZG8gZjQzYWY4NDJmMzM5YjI0NGJhYTRlNmRiMWJlYTgxMzlhNzY0YWZmZjU2NDVmN2M2N2EyZDFmYTU4ZTM3YjE4YUBncm91cC5jYWxlbmRhci5nb29nbGUuY29t,"=HYPERLINK(""https://www.google.com/calendar/event?eid=Mzg0NWduOXAzMzBxcmdyM3ZyZTk0MmlkZG8gZjQzYWY4NDJmMzM5YjI0NGJhYTRlNmRiMWJlYTgxMzlhNzY0YWZmZjU2NDVmN2M2N2EyZDFmYTU4ZTM3YjE4YUBncm91cC5jYWxlbmRhci5nb29nbGUuY29t"",""rent a photobooth Culver City"")",,
Calendar - All Day Event,Calendar - rent a photobooth Culver City - Event,"=HYPERLINK(""https://www.google.com/calendar/event?eid=Ym4wN2NkNG9zbmI3ZXRidjhpZDZtN3MyMzQgZjQzYWY4NDJmMzM5YjI0NGJhYTRlNmRiMWJlYTgxMzlhNzY0YWZmZjU2NDVmN2M2N2EyZDFmYTU4ZTM3YjE4YUBncm91cC5jYWxlbmRhci5nb29nbGUuY29t"", IMAGE(""https://api.qrserver.com/v1/create-qr-code/?size=150x150&data=https://www.google.com/calendar/event?eid=Ym4wN2NkNG9zbmI3ZXRidjhpZDZtN3MyMzQgZjQzYWY4NDJmMzM5YjI0NGJhYTRlNmRiMWJlYTgxMzlhNzY0YWZmZjU2NDVmN2M2N2EyZDFmYTU4ZTM3YjE4YUBncm91cC5jYWxlbmRhci5nb29nbGUuY29t"",1))",https://www.google.com/calendar/event?eid=Ym4wN2NkNG9zbmI3ZXRidjhpZDZtN3MyMzQgZjQzYWY4NDJmMzM5YjI0NGJhYTRlNmRiMWJlYTgxMzlhNzY0YWZmZjU2NDVmN2M2N2EyZDFmYTU4ZTM3YjE4YUBncm91cC5jYWxlbmRhci5nb29nbGUuY29t,"=HYPERLINK(""https://www.google.com/calendar/event?eid=Ym4wN2NkNG9zbmI3ZXRidjhpZDZtN3MyMzQgZjQzYWY4NDJmMzM5YjI0NGJhYTRlNmRiMWJlYTgxMzlhNzY0YWZmZjU2NDVmN2M2N2EyZDFmYTU4ZTM3YjE4YUBncm91cC5jYWxlbmRhci5nb29nbGUuY29t"",""rent a photobooth Culver City"")",,
Calendar - All Day Event,Calendar - rent a photobooth Culver City - Event,"=HYPERLINK(""https://www.google.com/calendar/event?eid=ZGxhaWc3c3Flc243cmM0MjI5dTM1YmcxNjQgZjQzYWY4NDJmMzM5YjI0NGJhYTRlNmRiMWJlYTgxMzlhNzY0YWZmZjU2NDVmN2M2N2EyZDFmYTU4ZTM3YjE4YUBncm91cC5jYWxlbmRhci5nb29nbGUuY29t"", IMAGE(""https://api.qrserver.com/v1/create-qr-code/?size=150x150&data=https://www.google.com/calendar/event?eid=ZGxhaWc3c3Flc243cmM0MjI5dTM1YmcxNjQgZjQzYWY4NDJmMzM5YjI0NGJhYTRlNmRiMWJlYTgxMzlhNzY0YWZmZjU2NDVmN2M2N2EyZDFmYTU4ZTM3YjE4YUBncm91cC5jYWxlbmRhci5nb29nbGUuY29t"",1))",https://www.google.com/calendar/event?eid=ZGxhaWc3c3Flc243cmM0MjI5dTM1YmcxNjQgZjQzYWY4NDJmMzM5YjI0NGJhYTRlNmRiMWJlYTgxMzlhNzY0YWZmZjU2NDVmN2M2N2EyZDFmYTU4ZTM3YjE4YUBncm91cC5jYWxlbmRhci5nb29nbGUuY29t,"=HYPERLINK(""https://www.google.com/calendar/event?eid=ZGxhaWc3c3Flc243cmM0MjI5dTM1YmcxNjQgZjQzYWY4NDJmMzM5YjI0NGJhYTRlNmRiMWJlYTgxMzlhNzY0YWZmZjU2NDVmN2M2N2EyZDFmYTU4ZTM3YjE4YUBncm91cC5jYWxlbmRhci5nb29nbGUuY29t"",""rent a photobooth Culver City"")",,
Calendar - All Day Event,Calendar - rent a photobooth Culver City - Event,"=HYPERLINK(""https://www.google.com/calendar/event?eid=bjFhcDkzdmZsdWJwN2NyODR2MW8xcDdwMW8gZjQzYWY4NDJmMzM5YjI0NGJhYTRlNmRiMWJlYTgxMzlhNzY0YWZmZjU2NDVmN2M2N2EyZDFmYTU4ZTM3YjE4YUBncm91cC5jYWxlbmRhci5nb29nbGUuY29t"", IMAGE(""https://api.qrserver.com/v1/create-qr-code/?size=150x150&data=https://www.google.com/calendar/event?eid=bjFhcDkzdmZsdWJwN2NyODR2MW8xcDdwMW8gZjQzYWY4NDJmMzM5YjI0NGJhYTRlNmRiMWJlYTgxMzlhNzY0YWZmZjU2NDVmN2M2N2EyZDFmYTU4ZTM3YjE4YUBncm91cC5jYWxlbmRhci5nb29nbGUuY29t"",1))",https://www.google.com/calendar/event?eid=bjFhcDkzdmZsdWJwN2NyODR2MW8xcDdwMW8gZjQzYWY4NDJmMzM5YjI0NGJhYTRlNmRiMWJlYTgxMzlhNzY0YWZmZjU2NDVmN2M2N2EyZDFmYTU4ZTM3YjE4YUBncm91cC5jYWxlbmRhci5nb29nbGUuY29t,"=HYPERLINK(""https://www.google.com/calendar/event?eid=bjFhcDkzdmZsdWJwN2NyODR2MW8xcDdwMW8gZjQzYWY4NDJmMzM5YjI0NGJhYTRlNmRiMWJlYTgxMzlhNzY0YWZmZjU2NDVmN2M2N2EyZDFmYTU4ZTM3YjE4YUBncm91cC5jYWxlbmRhci5nb29nbGUuY29t"",""rent a photobooth Culver City"")",,
Calendar - All Day Event,Calendar - rent a photobooth Culver City - Event,"=HYPERLINK(""https://www.google.com/calendar/event?eid=YmF2anNkaW9wN2Q0aTFka3Y0YWlpNnZoODQgZjQzYWY4NDJmMzM5YjI0NGJhYTRlNmRiMWJlYTgxMzlhNzY0YWZmZjU2NDVmN2M2N2EyZDFmYTU4ZTM3YjE4YUBncm91cC5jYWxlbmRhci5nb29nbGUuY29t"", IMAGE(""https://api.qrserver.com/v1/create-qr-code/?size=150x150&data=https://www.google.com/calendar/event?eid=YmF2anNkaW9wN2Q0aTFka3Y0YWlpNnZoODQgZjQzYWY4NDJmMzM5YjI0NGJhYTRlNmRiMWJlYTgxMzlhNzY0YWZmZjU2NDVmN2M2N2EyZDFmYTU4ZTM3YjE4YUBncm91cC5jYWxlbmRhci5nb29nbGUuY29t"",1))",https://www.google.com/calendar/event?eid=YmF2anNkaW9wN2Q0aTFka3Y0YWlpNnZoODQgZjQzYWY4NDJmMzM5YjI0NGJhYTRlNmRiMWJlYTgxMzlhNzY0YWZmZjU2NDVmN2M2N2EyZDFmYTU4ZTM3YjE4YUBncm91cC5jYWxlbmRhci5nb29nbGUuY29t,"=HYPERLINK(""https://www.google.com/calendar/event?eid=YmF2anNkaW9wN2Q0aTFka3Y0YWlpNnZoODQgZjQzYWY4NDJmMzM5YjI0NGJhYTRlNmRiMWJlYTgxMzlhNzY0YWZmZjU2NDVmN2M2N2EyZDFmYTU4ZTM3YjE4YUBncm91cC5jYWxlbmRhci5nb29nbGUuY29t"",""rent a photobooth Culver City"")",,
video,rent a photobooth Culver City,"=HYPERLINK(""https://youtu.be/qmTd78qYxDw"", IMAGE(""https://api.qrserver.com/v1/create-qr-code/?size=150x150&data=https://youtu.be/qmTd78qYxDw"",1))",https://youtu.be/qmTd78qYxDw,"=HYPERLINK(""https://youtu.be/qmTd78qYxDw"",""rent a photobooth Culver City"")",,
video,rent a photobooth Culver City,"=HYPERLINK(""https://youtu.be/zp4waK2lX_4"", IMAGE(""https://api.qrserver.com/v1/create-qr-code/?size=150x150&data=https://youtu.be/zp4waK2lX_4"",1))",https://youtu.be/zp4waK2lX_4,"=HYPERLINK(""https://youtu.be/zp4waK2lX_4"",""rent a photobooth Culver City"")",,
video,rent a photobooth Culver City,"=HYPERLINK(""https://youtu.be/2-zmmguG0gY"", IMAGE(""https://api.qrserver.com/v1/create-qr-code/?size=150x150&data=https://youtu.be/2-zmmguG0gY"",1))",https://youtu.be/2-zmmguG0gY,"=HYPERLINK(""https://youtu.be/2-zmmguG0gY"",""rent a photobooth Culver City"")",,
video,rent a photobooth Culver City,"=HYPERLINK(""https://youtu.be/ZE24djUV0Jk"", IMAGE(""https://api.qrserver.com/v1/create-qr-code/?size=150x150&data=https://youtu.be/ZE24djUV0Jk"",1))",https://youtu.be/ZE24djUV0Jk,"=HYPERLINK(""https://youtu.be/ZE24djUV0Jk"",""rent a photobooth Culver City"")",,
video,rent a photobooth Culver City,"=HYPERLINK(""https://youtu.be/3AjCF0_H6pI"", IMAGE(""https://api.qrserver.com/v1/create-qr-code/?size=150x150&data=https://youtu.be/3AjCF0_H6pI"",1))",https://youtu.be/3AjCF0_H6pI,"=HYPERLINK(""https://youtu.be/3AjCF0_H6pI"",""rent a photobooth Culver City"")",,
sheet,Sheet1,"=HYPERLINK(""https://docs.google.com/spreadsheets/d/1mQ7rKX1tj9YhcxXbAlX9ntNUdrSxLjxJvJIen7ZW-9c/edit#gid=0"", IMAGE(""https://api.qrserver.com/v1/create-qr-code/?size=150x150&data=https://docs.google.com/spreadsheets/d/1mQ7rKX1tj9YhcxXbAlX9ntNUdrSxLjxJvJIen7ZW-9c/edit#gid=0"",1))",https://docs.google.com/spreadsheets/d/1mQ7rKX1tj9YhcxXbAlX9ntNUdrSxLjxJvJIen7ZW-9c/edit#gid=0,"=HYPERLINK(""https://docs.google.com/spreadsheets/d/1mQ7rKX1tj9YhcxXbAlX9ntNUdrSxLjxJvJIen7ZW-9c/edit#gid=0"",""rent a photobooth Culver City Sheet1"")",,
sheet,Keywords,"=HYPERLINK(""https://docs.google.com/spreadsheets/d/1mQ7rKX1tj9YhcxXbAlX9ntNUdrSxLjxJvJIen7ZW-9c/edit#gid=1802888641"", IMAGE(""https://api.qrserver.com/v1/create-qr-code/?size=150x150&data=https://docs.google.com/spreadsheets/d/1mQ7rKX1tj9YhcxXbAlX9ntNUdrSxLjxJvJIen7ZW-9c/edit#gid=1802888641"",1))",https://docs.google.com/spreadsheets/d/1mQ7rKX1tj9YhcxXbAlX9ntNUdrSxLjxJvJIen7ZW-9c/edit#gid=1802888641,"=HYPERLINK(""https://docs.google.com/spreadsheets/d/1mQ7rKX1tj9YhcxXbAlX9ntNUdrSxLjxJvJIen7ZW-9c/edit#gid=1802888641"",""rent a photobooth Culver City Keywords"")",,
sheet,Content,"=HYPERLINK(""https://docs.google.com/spreadsheets/d/1mQ7rKX1tj9YhcxXbAlX9ntNUdrSxLjxJvJIen7ZW-9c/edit#gid=1156008965"", IMAGE(""https://api.qrserver.com/v1/create-qr-code/?size=150x150&data=https://docs.google.com/spreadsheets/d/1mQ7rKX1tj9YhcxXbAlX9ntNUdrSxLjxJvJIen7ZW-9c/edit#gid=1156008965"",1))",https://docs.google.com/spreadsheets/d/1mQ7rKX1tj9YhcxXbAlX9ntNUdrSxLjxJvJIen7ZW-9c/edit#gid=1156008965,"=HYPERLINK(""https://docs.google.com/spreadsheets/d/1mQ7rKX1tj9YhcxXbAlX9ntNUdrSxLjxJvJIen7ZW-9c/edit#gid=1156008965"",""rent a photobooth Culver City Content"")",,
sheet,Calendar Events,"=HYPERLINK(""https://docs.google.com/spreadsheets/d/1mQ7rKX1tj9YhcxXbAlX9ntNUdrSxLjxJvJIen7ZW-9c/edit#gid=1575031943"", IMAGE(""https://api.qrserver.com/v1/create-qr-code/?size=150x150&data=https://docs.google.com/spreadsheets/d/1mQ7rKX1tj9YhcxXbAlX9ntNUdrSxLjxJvJIen7ZW-9c/edit#gid=1575031943"",1))",https://docs.google.com/spreadsheets/d/1mQ7rKX1tj9YhcxXbAlX9ntNUdrSxLjxJvJIen7ZW-9c/edit#gid=1575031943,"=HYPERLINK(""https://docs.google.com/spreadsheets/d/1mQ7rKX1tj9YhcxXbAlX9ntNUdrSxLjxJvJIen7ZW-9c/edit#gid=1575031943"",""rent a photobooth Culver City Calendar Events"")",,
sheet,RSS Feeds,"=HYPERLINK(""https://docs.google.com/spreadsheets/d/1mQ7rKX1tj9YhcxXbAlX9ntNUdrSxLjxJvJIen7ZW-9c/edit#gid=702592677"", IMAGE(""https://api.qrserver.com/v1/create-qr-code/?size=150x150&data=https://docs.google.com/spreadsheets/d/1mQ7rKX1tj9YhcxXbAlX9ntNUdrSxLjxJvJIen7ZW-9c/edit#gid=702592677"",1))",https://docs.google.com/spreadsheets/d/1mQ7rKX1tj9YhcxXbAlX9ntNUdrSxLjxJvJIen7ZW-9c/edit#gid=702592677,"=HYPERLINK(""https://docs.google.com/spreadsheets/d/1mQ7rKX1tj9YhcxXbAlX9ntNUdrSxLjxJvJIen7ZW-9c/edit#gid=702592677"",""rent a photobooth Culver City RSS Feeds"")",,
