keyword,rent a photo booth Culver City,rent a photo booth Culver City,https://www.luckyfrogphotos.com/culvercityphotobooth.html
keyword,photo booths rental Culver City,photo booths rental Culver City,https://drive.google.com/drive/folders/1M3RezKI8OXdWtJ-JZR7rM68AA_mgHGaC?usp=sharing
keyword,photo booth rental in Culver City,photo booth rental in Culver City,https://docs.google.com/document/d/1DfErLU02u0KBQooQhl5RLm54S0LObmU9wTwrrJgwsJ4/edit?usp=sharing
keyword,photo booth for rental in Culver City,photo booth for rental in Culver City,https://docs.google.com/document/d/1DfErLU02u0KBQooQhl5RLm54S0LObmU9wTwrrJgwsJ4/pub
keyword,photobooth for rent Culver City,photobooth for rent Culver City,https://docs.google.com/document/d/14Kx9d1AkJh-ATFCOA6GuSwB2rnGgP7mEETaNurSlWWs/edit?usp=sharing
keyword,rental photobooth Culver City,rental photobooth Culver City,https://docs.google.com/document/d/14Kx9d1AkJh-ATFCOA6GuSwB2rnGgP7mEETaNurSlWWs/pub
keyword,rent photo booth Culver City,rent photo booth Culver City,https://docs.google.com/document/d/14Kx9d1AkJh-ATFCOA6GuSwB2rnGgP7mEETaNurSlWWs/view
keyword,rental photo booths Culver City,rental photo booths Culver City,https://docs.google.com/document/d/1vOHZp9QnrYhdPzgmvLC5IqAvsp0rkTLWI5xhR1HnjCw/edit?usp=sharing
keyword,photobooth printing Culver City,photobooth printing Culver City,https://docs.google.com/document/d/1vOHZp9QnrYhdPzgmvLC5IqAvsp0rkTLWI5xhR1HnjCw/pub
keyword,rent photo booth Culver City,rent photo booth Culver City,https://docs.google.com/document/d/1vOHZp9QnrYhdPzgmvLC5IqAvsp0rkTLWI5xhR1HnjCw/view
keyword,Culver City photo booth,Culver City photo booth,https://docs.google.com/document/d/1vQCIxqDxmH1QL2Cdc9zXbqZoPM2lTaTbqamnb8nUCVI/edit?usp=sharing
keyword,photobooth rental Culver City,photobooth rental Culver City,https://docs.google.com/document/d/1vQCIxqDxmH1QL2Cdc9zXbqZoPM2lTaTbqamnb8nUCVI/pub
keyword,photo booth with backdrop Culver City,photo booth with backdrop Culver City,https://docs.google.com/document/d/1vQCIxqDxmH1QL2Cdc9zXbqZoPM2lTaTbqamnb8nUCVI/view
keyword,renting a photo booth near Culver City,renting a photo booth near Culver City,https://docs.google.com/document/d/1mA_SKrCh4tVHvrv3pTM03is9Q1E6ctXeKdctUOoTLuM/edit?usp=sharing
keyword,photo booth rental Culver City,photo booth rental Culver City,https://docs.google.com/document/d/1mA_SKrCh4tVHvrv3pTM03is9Q1E6ctXeKdctUOoTLuM/pub
keyword,rental a photo booth Culver City,rental a photo booth Culver City,https://docs.google.com/document/d/1mA_SKrCh4tVHvrv3pTM03is9Q1E6ctXeKdctUOoTLuM/view
keyword,photobooth rental Culver City,photobooth rental Culver City,https://docs.google.com/document/d/1KfUdQsxcEwuOe-37mIdTMfeLiSHD55vdqLQ-bSqKD0U/edit?usp=sharing
keyword,photo booth for rent Culver City,photo booth for rent Culver City,https://docs.google.com/document/d/1KfUdQsxcEwuOe-37mIdTMfeLiSHD55vdqLQ-bSqKD0U/pub
keyword,renting a photo booth Culver City,renting a photo booth Culver City,https://docs.google.com/document/d/1KfUdQsxcEwuOe-37mIdTMfeLiSHD55vdqLQ-bSqKD0U/view
keyword,photo booth rental Culver City,photo booth rental Culver City,https://docs.google.com/document/d/1L2LE74zvZiNfTUeNsuJvmW6ku0KVcPo3mqF9HWGCFMI/edit?usp=sharing
keyword,photo booth rentals Culver City,photo booth rentals Culver City,https://docs.google.com/document/d/1L2LE74zvZiNfTUeNsuJvmW6ku0KVcPo3mqF9HWGCFMI/pub