All Day Event,https://www.google.com/calendar/event?eid=OWdzZXUyMThvZjdhMDE3N2xxNTliaGh2c2sgMDllYWI2NGEyOTViNzYyNzRhMzYxOTM4ODlmYzA5NjZiOTU1YzVhZDMyY2Q1NzM1OTRlZjQ3YWFiYWE1MmYxYUBncm91cC5jYWxlbmRhci5nb29nbGUuY29t
All Day Event,https://www.google.com/calendar/event?eid=dTFsNmk4YjdkY2p1amQzNmkzZTdiYTF2am8gMDllYWI2NGEyOTViNzYyNzRhMzYxOTM4ODlmYzA5NjZiOTU1YzVhZDMyY2Q1NzM1OTRlZjQ3YWFiYWE1MmYxYUBncm91cC5jYWxlbmRhci5nb29nbGUuY29t
All Day Event,https://www.google.com/calendar/event?eid=NTZucGZrdTlrNGl2YjBzajk5bTdmaDB0N28gMDllYWI2NGEyOTViNzYyNzRhMzYxOTM4ODlmYzA5NjZiOTU1YzVhZDMyY2Q1NzM1OTRlZjQ3YWFiYWE1MmYxYUBncm91cC5jYWxlbmRhci5nb29nbGUuY29t
All Day Event,https://www.google.com/calendar/event?eid=N29kYWF1ODJjczQ3ZXBiczA3ZjlmOG5qYjggMDllYWI2NGEyOTViNzYyNzRhMzYxOTM4ODlmYzA5NjZiOTU1YzVhZDMyY2Q1NzM1OTRlZjQ3YWFiYWE1MmYxYUBncm91cC5jYWxlbmRhci5nb29nbGUuY29t
All Day Event,https://www.google.com/calendar/event?eid=ZWNxZ3Brdm1xYTltZGlpaDNlbGZqcW1uOTQgMDllYWI2NGEyOTViNzYyNzRhMzYxOTM4ODlmYzA5NjZiOTU1YzVhZDMyY2Q1NzM1OTRlZjQ3YWFiYWE1MmYxYUBncm91cC5jYWxlbmRhci5nb29nbGUuY29t
All Day Event,https://www.google.com/calendar/event?eid=aG90dmNiY3NlMGs0Y2s5dGxpYmU3bmliM3MgMDllYWI2NGEyOTViNzYyNzRhMzYxOTM4ODlmYzA5NjZiOTU1YzVhZDMyY2Q1NzM1OTRlZjQ3YWFiYWE1MmYxYUBncm91cC5jYWxlbmRhci5nb29nbGUuY29t
All Day Event,https://www.google.com/calendar/event?eid=NXJrMHBoNGhzYm1mNjhtYWV2cDFza3Q4bjggMDllYWI2NGEyOTViNzYyNzRhMzYxOTM4ODlmYzA5NjZiOTU1YzVhZDMyY2Q1NzM1OTRlZjQ3YWFiYWE1MmYxYUBncm91cC5jYWxlbmRhci5nb29nbGUuY29t
All Day Event,https://www.google.com/calendar/event?eid=OGVnYjNnMW9mNGo1bmZ1M3RtNjM1c3NmMGcgMDllYWI2NGEyOTViNzYyNzRhMzYxOTM4ODlmYzA5NjZiOTU1YzVhZDMyY2Q1NzM1OTRlZjQ3YWFiYWE1MmYxYUBncm91cC5jYWxlbmRhci5nb29nbGUuY29t
All Day Event,https://www.google.com/calendar/event?eid=NzQzbjdwYmMzODl0Y2JhYXF0MnRoa2tlcTAgMDllYWI2NGEyOTViNzYyNzRhMzYxOTM4ODlmYzA5NjZiOTU1YzVhZDMyY2Q1NzM1OTRlZjQ3YWFiYWE1MmYxYUBncm91cC5jYWxlbmRhci5nb29nbGUuY29t
All Day Event,https://www.google.com/calendar/event?eid=am10NXQ5dW4zNWc0amsyY2JyajI4dWVvYjAgMDllYWI2NGEyOTViNzYyNzRhMzYxOTM4ODlmYzA5NjZiOTU1YzVhZDMyY2Q1NzM1OTRlZjQ3YWFiYWE1MmYxYUBncm91cC5jYWxlbmRhci5nb29nbGUuY29t
All Day Event,https://www.google.com/calendar/event?eid=ZmRkZW5pM2c0YTYyMTk0MDgxZ2Zzdmtnc28gMDllYWI2NGEyOTViNzYyNzRhMzYxOTM4ODlmYzA5NjZiOTU1YzVhZDMyY2Q1NzM1OTRlZjQ3YWFiYWE1MmYxYUBncm91cC5jYWxlbmRhci5nb29nbGUuY29t
All Day Event,https://www.google.com/calendar/event?eid=dnY4MGkzZnNjODBqaGR2MWx0YW5iN3M5NHMgMDllYWI2NGEyOTViNzYyNzRhMzYxOTM4ODlmYzA5NjZiOTU1YzVhZDMyY2Q1NzM1OTRlZjQ3YWFiYWE1MmYxYUBncm91cC5jYWxlbmRhci5nb29nbGUuY29t
All Day Event,https://www.google.com/calendar/event?eid=ZzUzYmRwam04aW5vcjAzMHZpc2hqMmJidXMgMDllYWI2NGEyOTViNzYyNzRhMzYxOTM4ODlmYzA5NjZiOTU1YzVhZDMyY2Q1NzM1OTRlZjQ3YWFiYWE1MmYxYUBncm91cC5jYWxlbmRhci5nb29nbGUuY29t
All Day Event,https://www.google.com/calendar/event?eid=YWI2OGxvc3RpdWVyODNzY2MxN3V1ZjZyZ3MgMDllYWI2NGEyOTViNzYyNzRhMzYxOTM4ODlmYzA5NjZiOTU1YzVhZDMyY2Q1NzM1OTRlZjQ3YWFiYWE1MmYxYUBncm91cC5jYWxlbmRhci5nb29nbGUuY29t
All Day Event,https://www.google.com/calendar/event?eid=NGY1OGVwNTNvYWE4dGlnNDZtOG1rb3Foa3MgMDllYWI2NGEyOTViNzYyNzRhMzYxOTM4ODlmYzA5NjZiOTU1YzVhZDMyY2Q1NzM1OTRlZjQ3YWFiYWE1MmYxYUBncm91cC5jYWxlbmRhci5nb29nbGUuY29t