https://news.google.com/rss/search?q=photobooth,,,,
"Fri, 26 Jul 2024 19:11:00 GMT",Singapore's Event Scene Gets a Dazzling Upgrade with Furps Interactive's Feature-Rich Photobooth Rentals - WICZ,,https://news.google.com/rss/articles/CBMiigFodHRwczovL3d3dy53aWN6LmNvbS9zdG9yeS81MTA5NTQ3NC9zaW5nYXBvcmVzLWV2ZW50LXNjZW5lLWdldHMtYS1kYXp6bGluZy11cGdyYWRlLXdpdGgtZnVycHMtaW50ZXJhY3RpdmVzLWZlYXR1cmUtcmljaC1waG90b2Jvb3RoLXJlbnRhbHPSAQA?oc=5,"Singapore's Event Scene Gets a Dazzling Upgrade with Furps Interactive's 
Feature-Rich Photobooth Rentals  WICZ"
"Mon, 11 Mar 2024 07:00:00 GMT",AKA Photo Booth LLC Expands Event Entertainment with Photo Booth and DJ Services in South Florida - WICZ,,https://news.google.com/rss/articles/CBMihQFodHRwczovL3d3dy53aWN6LmNvbS9zdG9yeS81MDU1NTgxNy9ha2EtcGhvdG8tYm9vdGgtbGxjLWV4cGFuZHMtZXZlbnQtZW50ZXJ0YWlubWVudC13aXRoLXBob3RvLWJvb3RoLWFuZC1kai1zZXJ2aWNlcy1pbi1zb3V0aC1mbG9yaWRh0gEA?oc=5,"AKA Photo Booth LLC Expands Event Entertainment with Photo Booth and DJ 
Services in South Florida  WICZ"
"Fri, 22 Mar 2024 07:00:00 GMT",FIRST-EVER AIRPLANE-THEMED PHOTO BOOTH IN SINGAPORE WITH ACTUAL “LAVATORY”?! - Shout.sg,,https://news.google.com/rss/articles/CBMiXmh0dHBzOi8vd3d3LnNob3V0LnNnL2ZpcnN0LWV2ZXItYWlycGxhbmUtdGhlbWVkLXBob3RvLWJvb3RoLWluLXNpbmdhcG9yZS13aXRoLWFjdHVhbC1sYXZhdG9yeS_SAQA?oc=5,"FIRST-EVER AIRPLANE-THEMED PHOTO BOOTH IN SINGAPORE WITH ACTUAL “LAVATORY”?!
  Shout.sg"
"Sun, 14 Jul 2024 07:00:00 GMT",Photo booth company in Chapel Hill hiring employees for events - CBS17.com,,https://news.google.com/rss/articles/CBMiX2h0dHBzOi8vd3d3LmNiczE3LmNvbS9qb2ItYWxlcnQvcGhvdG8tYm9vdGgtY29tcGFueS1pbi1jaGFwZWwtaGlsbC1oaXJpbmctZW1wbG95ZWVzLWZvci1ldmVudHMv0gFjaHR0cHM6Ly93d3cuY2JzMTcuY29tL2pvYi1hbGVydC9waG90by1ib290aC1jb21wYW55LWluLWNoYXBlbC1oaWxsLWhpcmluZy1lbXBsb3llZXMtZm9yLWV2ZW50cy9hbXAv?oc=5,Photo booth company in Chapel Hill hiring employees for events  CBS17.com
"Thu, 19 Oct 2023 07:00:00 GMT",Love Plus One: Friends and Lovers Star A Joyful Album of Found Photobooth Snapshots - Flashbak,,https://news.google.com/rss/articles/CBMib2h0dHBzOi8vZmxhc2hiYWsuY29tL2xvdmUtcGx1cy1vbmUtZnJpZW5kcy1hbmQtbG92ZXJzLXN0YXItYS1qb3lmdWwtYWxidW0tb2YtZm91bmQtcGhvdG9ib290aC1zbmFwc2hvdHMtNDY0NjE5L9IBAA?oc=5,"Love Plus One: Friends and Lovers Star A Joyful Album of Found Photobooth 
Snapshots  Flashbak"
"Sun, 28 Jan 2024 08:00:00 GMT","This Photobooth Town In Jewel Changi Has Hello Kitty, Marvel & Frozen Booths From Just $4 - TheSmartLocal",,https://news.google.com/rss/articles/CBMiPWh0dHBzOi8vdGhlc21hcnRsb2NhbC5jb20vcmVhZC9tb28tY2hhcmFjdGVyLXRvd24tcGhvdG9ib290aC_SAUFodHRwczovL3RoZXNtYXJ0bG9jYWwuY29tL3JlYWQvbW9vLWNoYXJhY3Rlci10b3duLXBob3RvYm9vdGgvYW1wLw?oc=5,"This Photobooth Town In Jewel Changi Has Hello Kitty, Marvel & Frozen 
Booths From Just $4  TheSmartLocal"
"Wed, 24 Jan 2024 08:00:00 GMT",Best Wedding Favours in Calgary - Avenue Calgary,,https://news.google.com/rss/articles/CBMiWWh0dHBzOi8vd3d3LmF2ZW51ZWNhbGdhcnkuY29tL2Jlc3Qtd2VkZGluZy1zZXJ2aWNlcy1jYWxnYXJ5L2Jlc3Qtd2VkZGluZy1mYXZvdXJzLWNhbGdhcnkv0gEA?oc=5,Best Wedding Favours in Calgary  Avenue Calgary
"Sat, 27 Jul 2024 23:29:00 GMT",Need2Know: Angry Crab Shack opens in Prescott; Vintage Photo cuts ribbon on photo booth trailer; New Simply Cruising offers e-bikes - Prescott Daily Courier,,https://news.google.com/rss/articles/CBMirQFodHRwczovL3d3dy5kY291cmllci5jb20vbmV3cy9uZWVkMmtub3ctYW5ncnktY3JhYi1zaGFjay1vcGVucy1pbi1wcmVzY290dC12aW50YWdlLXBob3RvLWN1dHMtcmliYm9uLW9uLXBob3RvLWJvb3RoLXRyYWlsZXIvYXJ0aWNsZV9lYWEzMzE4MC00YmE2LTExZWYtYjFlYS0xYjAxNjhmNTdlZmYuaHRtbNIBAA?oc=5,"Need2Know: Angry Crab Shack opens in Prescott; Vintage Photo cuts ribbon on 
photo booth trailer; New Simply Cruising offers e-bikes  Prescott Daily 
Courier"
"Fri, 26 Jul 2024 19:16:00 GMT",Singapore’s Event Scene Gets a Dazzling Upgrade with Furps Interactive’s Feature-Rich Photobooth Rentals - Barchart,,https://news.google.com/rss/articles/CBMikgFodHRwczovL3d3dy5iYXJjaGFydC5jb20vc3RvcnkvbmV3cy8yNzYzODY5MS9zaW5nYXBvcmVzLWV2ZW50LXNjZW5lLWdldHMtYS1kYXp6bGluZy11cGdyYWRlLXdpdGgtZnVycHMtaW50ZXJhY3RpdmVzLWZlYXR1cmVyaWNoLXBob3RvYm9vdGgtcmVudGFsc9IBAA?oc=5,"Singapore’s Event Scene Gets a Dazzling Upgrade with Furps Interactive’s 
Feature-Rich Photobooth Rentals  Barchart"
"Fri, 26 Jul 2024 07:16:01 GMT",Emerging Trends of Photo Booth Sales Market and Forecast. SearchSpring (merges Nextopia in Feb. 2020). SLI Systems – Economica - Economica,,https://news.google.com/rss/articles/CBMijwFodHRwczovL2Vjb25vbWljYS5tYS9uZXdzL2VtZXJnaW5nLXRyZW5kcy1vZi1waG90by1ib290aC1zYWxlcy1tYXJrZXQtYW5kLWZvcmVjYXN0LXNlYXJjaHNwcmluZy1tZXJnZXMtbmV4dG9waWEtaW4tZmViLTIwMjAtc2xpLXN5c3RlbXMvMTk3NzU0L9IBAA?oc=5,"Emerging Trends of Photo Booth Sales Market and Forecast. SearchSpring 
(merges Nextopia in Feb. 2020). SLI Systems – Economica  Economica"
"Mon, 08 Jan 2024 08:00:00 GMT",C+A Global Unveils New HP Sprocket Photo Printer at CES 2024 - PR Newswire,,https://news.google.com/rss/articles/CBMitgFBVV95cUxQYkUtSVdaVF9CNEJJa2lDSXVrdERnb2VEWlhYNmoyYjFBdW9KR0tKSS1kVFZjMzhOaFhUTDRHUjYtdFZQdVdsWEp6SWdTaEs4LU5FeGc2TWY1cnVVVThERmhnWTRDODc4Sm5jN1VLZzZJT0lnNGY5SkFhdWNfN1Y0eVVhTnpHdEJCQ1pyUHRYbXg0RWRMaXFuZ1NjLVFxNEhoZFV4d1RVX3pDRXVyZHpSdXBWUFZDQQ?oc=5,C+A Global Unveils New HP Sprocket Photo Printer at CES 2024  PR Newswire
"Fri, 26 Jul 2024 07:16:01 GMT",Emerging Trends of Photo Booth Sales Market and Forecast. SearchSpring (merges Nextopia in Feb. 2020). SLI Systems – Economica - Economica,,https://news.google.com/rss/articles/CBMi2wFBVV95cUxPdG03Y2NhUXhTYjVLUHE1aUM5bE5rakxibGhwNUx0TzFSMDUyZGstb19YelNfM1Y0cWFxb2FKN0JBTVFjOG1jRTRZMndSTTFFZUR5RE9pNWxMYXdvcllxd3hjM3piczBrZkIwYVhIZXJBWWpJUnlsa3UxMHFULWVhQjh1OXlNSGhHdC1rRnZ4dm52akhsVGc1SU1kVGFta2hqUmMxakpKajR2b3poNlAybTBfdXFqZXUyMmxYWVAzTzdVMTNmd29SWWEtcUhqWmZiSk5ObmdNOGZoUm8?oc=5,"Emerging Trends of Photo Booth Sales Market and Forecast. SearchSpring 
(merges Nextopia in Feb. 2020). SLI Systems – Economica  Economica"
"Mon, 22 Jul 2024 01:30:47 GMT",The best photobooth rental services in Singapore for all events - The Honeycombers,,https://news.google.com/rss/articles/CBMiggFBVV95cUxOTjNBeGl5MHZvUzBScVgtZlZ3amkzWHhubnl2Y3ZGWGRhWnBjTVhwbzlTZk9aUHViQ09pV2lPUm9JUldLRE5Hb3FLU0YyQy1xMmgxNGY1OEZ1dlJfZmVNNWFuRTR3djI5NVFTZkpFb3dVX050OWg1RTE5eGtuSFFGalhn?oc=5,"The best photobooth rental services in Singapore for all events  The 
Honeycombers"
"Thu, 16 Nov 2023 08:00:00 GMT",4th Annual Business Gift-or-Treat and free Santa Photo Booth Nov. 25 - Cape Coral Breeze,,https://news.google.com/rss/articles/CBMiwwFBVV95cUxPdzQyU1lhdkNYX2ZSLXlIdTRrYVNRUDJQcUI2MUM5Y2FnbjhXSlViRGNZNXNzdlVrQ3RZZkw3VGtZa2Y1RU9RSVJySnNuVXdyRVNMNFowVjdkOTRvT211d0pPRUFHSk40YjZnLXN1akFaaTBCSFRmUTNnVXJRMkhsaExvdS1oeVE5WF9sM3c5NG1HdVZtRmsyb3QzbXRWNjhyNU5KOU5qMHJuaWkxelIxR0l4YmdmV2x5SEZQdk9GX1JvTTQ?oc=5,"4th Annual Business Gift-or-Treat and free Santa Photo Booth Nov. 25  Cape 
Coral Breeze"
"Fri, 19 Jan 2024 08:00:00 GMT",This Pixie Loft Taylor Swift pop-up lets you snap unlimited pics for just S$10 - Confirm Good,,https://news.google.com/rss/articles/CBMiY0FVX3lxTE43X052bzIxRkFFQ2ZsTnk1X2ExSXc5X25KMTdQWC1zbUMzdm5RYm5nZ3R0QUVaQ0xjSklINTRhYkNJU040UGZObmx0cUVmWHBoRlBTRThzeG1yVjhKMk0xcXd3dw?oc=5,"This Pixie Loft Taylor Swift pop-up lets you snap unlimited pics for just 
S$10  Confirm Good"
"Tue, 07 Nov 2023 08:00:00 GMT",These Photos Are “Pure Fiction” - The New Yorker,,https://news.google.com/rss/articles/CBMigAFBVV95cUxOQnZyRXRLa1F4a2ViQXJCdjVvVm9wbnFSd3RybDVtb2h5NHp6U1V0QXZMejRyTTZ6NzZ3QTJGZUdrZDZuUjVnV2t2UlczYnY5c1ZmSDh1cVhXVHN0Nms3Z19CVmsxelFrWkFHY1pNT0wyRkN5blN3U2VGam01YXl4QQ?oc=5,These Photos Are “Pure Fiction”  The New Yorker
"Wed, 16 Aug 2023 07:00:00 GMT",You’re Telling Me I Can Have a Whole *ss Party Photo Booth at My House? - 22 Words,,https://news.google.com/rss/articles/CBMioAFBVV95cUxObTY0UnBBNVpGaFVjNUNDSjBCRmFNbnNtV2lBSk1Qa0xpdXF0ekhTeHh3N3dJUXpOVHFKVm45N093dXhTUGxzd3ZiZ005Y1hjY1B3WEdQUWFiMFdtM2pVVHFFdWNqTkUyMEZOZTBTUWhaOXE3TWFUNUxSX0hNZXZWY1I1NWlNbHFyakxvRTZiM1VoSTY1ZTRCTkQ2QmJRTkNB?oc=5,"You’re Telling Me I Can Have a Whole *ss Party Photo Booth at My House?  22 
Words"
"Thu, 12 Oct 2023 07:00:00 GMT",Vintage Photo Booths in Paris You’ll Love to Visit - solosophie,,https://news.google.com/rss/articles/CBMiaEFVX3lxTE1HZnlKX29xLXZNX1pSMEs4M1BOMHJFa1VTUnpNOTYzZ3BieGd4QnVmQlBJM3hWMjFMaW53dEI0LUdUdFdLWDlGVlNCVTdnU3lwWlh6c1M3NWlvYnhzRmlobzBELXRDanFl?oc=5,Vintage Photo Booths in Paris You’ll Love to Visit  solosophie
"Mon, 28 Aug 2023 07:00:00 GMT",The 2023 Streamys Photo Booth Was Where All the Fun Happened Sunday Night: Photos (Exclusive) - PEOPLE,,https://news.google.com/rss/articles/CBMiYkFVX3lxTE54VUhvTGtEanhyd2FqWDRIVkJkTTVicF9oME9HYXVBZnlqTUcwN3hNakZ4RXEzTzhUSnVXME1mV2RRVWpKMDFkVURuRVhST0k0amN2d3huVkduTHk1cDJQUkJn?oc=5,"The 2023 Streamys Photo Booth Was Where All the Fun Happened Sunday Night: 
Photos (Exclusive)  PEOPLE"
"Sat, 02 Sep 2023 07:00:00 GMT",Popular Korean photobooth opening flagship store in Richmond mall - Richmond News,,https://news.google.com/rss/articles/CBMiugFBVV95cUxNWDBFMmVPbDBuVnFzZ21ueE9KemNNZ2ExNGRNN2U0bFpVdThzWHlTTG1kcmRCM2k1MXducnM1Q2FnU0YydHAyc3Z3cnZ3MTNIS2xQM3lPNVhqaHdUYnpFQ0liUk93cGhXTEVSZFhuUlRGN3JSQkRTYTJrcThfNG56UVNzdngyNEZXNURUc3N0cWo4UUZkYl85M2pSMjNKR3Z6UE9vOVI0Wk5qdGJaZHRIYlJ6MmgzeldRV2c?oc=5,"Popular Korean photobooth opening flagship store in Richmond mall  Richmond 
News"
folder top,"<iframe src=""https://drive.google.com/embeddedfolderview?id=1zrvrdIRXyzdlfDJxCPtaR8q9Pu7VZbIs"" width=""100%"" height=""550"" frameborder=""0"" class=""folder_embed"" allowfullscreen=""true"" scrolling=""no"" loading=""lazy"" mozallowfullscreen=""true"" webkitallowfullscreen=""true""></iframe>",,,
folder articles,"<iframe src=""https://drive.google.com/embeddedfolderview?id=1XvxE0FbB-HWhtAolzJ9ED_1PxTrMWh97"" width=""100%"" height=""550"" frameborder=""0"" class=""folder_embed"" allowfullscreen=""true"" scrolling=""no"" loading=""lazy"" mozallowfullscreen=""true"" webkitallowfullscreen=""true""></iframe>",,,
folder slides,"<iframe src=""https://drive.google.com/embeddedfolderview?id=1VRKHoZmvOtkQ9v_956VlQO6V1e4XH1VC"" width=""100%"" height=""550"" frameborder=""0"" class=""folder_embed"" allowfullscreen=""true"" scrolling=""no"" loading=""lazy"" mozallowfullscreen=""true"" webkitallowfullscreen=""true""></iframe>",,,
folder photos,"<iframe src=""https://drive.google.com/embeddedfolderview?id=1KLHpJv8wV0FJsMxSF01gyxesEx-Ngi00"" width=""100%"" height=""550"" frameborder=""0"" class=""folder_embed"" allowfullscreen=""true"" scrolling=""no"" loading=""lazy"" mozallowfullscreen=""true"" webkitallowfullscreen=""true""></iframe>",,,
folder pdfs,"<iframe src=""https://drive.google.com/embeddedfolderview?id=1TTQbDRxpm7FkB9mTjW-gJxc0MbcVMhZp"" width=""100%"" height=""550"" frameborder=""0"" class=""folder_embed"" allowfullscreen=""true"" scrolling=""no"" loading=""lazy"" mozallowfullscreen=""true"" webkitallowfullscreen=""true""></iframe>",,,
spreadsheet,"<iframe src=""https://docs.google.com/spreadsheets/d/1GlP1QB_iQOmaGa11xuqtpEbntpeeApEEEOZ43NnSl-Q/pubhtml"" width=""100%"" height=""800"" frameborder=""0"" class=""folder_embed"" allowfullscreen=""true"" scrolling=""no"" loading=""lazy"" mozallowfullscreen=""true"" webkitallowfullscreen=""true""></iframe>",,,
presentation,"<iframe src=""https://docs.google.com/presentation/d/1bO48_2bW8zg7WEQbWgTwLlyWIaU3s__7BnTLNEhINs4/edit?usp=sharing"" width=""100%"" height=""523"" loading=""lazy""></iframe>",,,
presentation,"<iframe src=""https://docs.google.com/presentation/d/1bO48_2bW8zg7WEQbWgTwLlyWIaU3s__7BnTLNEhINs4/embed?start=true&loop=true&delayms=3000&size=l"" width=""100%"" height=""323"" frameborder=""0"" loading=""lazy"" allowfullscreen=""true"" scrolling=""no"" mozallowfullscreen=""true"" webkitallowfullscreen=""true""></iframe>",,,