target url,wedding photo booth rental in Culver City,"=HYPERLINK(""https://sites.google.com/view/culvercityphotoboothrentals/culver-city-photo-booths"", IMAGE(""https://api.qrserver.com/v1/create-qr-code/?size=150x150&data=https://sites.google.com/view/culvercityphotoboothrentals/culver-city-photo-booths"",1))",https://sites.google.com/view/culvercityphotoboothrentals/culver-city-photo-booths,"=HYPERLINK(""https://sites.google.com/view/culvercityphotoboothrentals/culver-city-photo-booths"",""wedding photo booth rental in Culver City"")",,
folder top,wedding photo booth rental in Culver City,"=HYPERLINK(""https://drive.google.com/drive/folders/1sHW8vEcBzvAxc_nprnYgX0EzsH4D9SCr?usp=sharing"", IMAGE(""https://api.qrserver.com/v1/create-qr-code/?size=150x150&data=https://drive.google.com/drive/folders/1sHW8vEcBzvAxc_nprnYgX0EzsH4D9SCr?usp=sharing"",1))",https://drive.google.com/drive/folders/1sHW8vEcBzvAxc_nprnYgX0EzsH4D9SCr?usp=sharing,"=HYPERLINK(""https://drive.google.com/drive/folders/1sHW8vEcBzvAxc_nprnYgX0EzsH4D9SCr?usp=sharing"",""wedding photo booth rental in Culver City"")",,
rss feed,wedding photo booth rental in Culver City,"=HYPERLINK("" https://news.google.com/rss/search?q=photoboothrental"", IMAGE(""https://api.qrserver.com/v1/create-qr-code/?size=150x150&data= https://news.google.com/rss/search?q=photoboothrental"",1))", https://news.google.com/rss/search?q=photoboothrental,"=HYPERLINK("" https://news.google.com/rss/search?q=photoboothrental"",""wedding photo booth rental in Culver City"")",,
folder articles,wedding photo booth rental in Culver City Articles,"=HYPERLINK(""https://drive.google.com/drive/folders/1lBb88QwL062ipNVw5-HyB4CUXz-nloI-?usp=sharing"", IMAGE(""https://api.qrserver.com/v1/create-qr-code/?size=150x150&data=https://drive.google.com/drive/folders/1lBb88QwL062ipNVw5-HyB4CUXz-nloI-?usp=sharing"",1))",https://drive.google.com/drive/folders/1lBb88QwL062ipNVw5-HyB4CUXz-nloI-?usp=sharing,"=HYPERLINK(""https://drive.google.com/drive/folders/1lBb88QwL062ipNVw5-HyB4CUXz-nloI-?usp=sharing"",""wedding photo booth rental in Culver City Articles"")",,
folder photos,wedding photo booth rental in Culver City Photos,"=HYPERLINK(""https://drive.google.com/drive/folders/1eO1WJ-xM3I5By3WkN0wu6DpinNB1YHop?usp=sharing"", IMAGE(""https://api.qrserver.com/v1/create-qr-code/?size=150x150&data=https://drive.google.com/drive/folders/1eO1WJ-xM3I5By3WkN0wu6DpinNB1YHop?usp=sharing"",1))",https://drive.google.com/drive/folders/1eO1WJ-xM3I5By3WkN0wu6DpinNB1YHop?usp=sharing,"=HYPERLINK(""https://drive.google.com/drive/folders/1eO1WJ-xM3I5By3WkN0wu6DpinNB1YHop?usp=sharing"",""wedding photo booth rental in Culver City Photos"")",,
folder pdfs,wedding photo booth rental in Culver City PDFs,"=HYPERLINK(""https://drive.google.com/drive/folders/1U3WVO-0_2mdvVy1Fm_mvsTx2rJk6GQNv?usp=sharing"", IMAGE(""https://api.qrserver.com/v1/create-qr-code/?size=150x150&data=https://drive.google.com/drive/folders/1U3WVO-0_2mdvVy1Fm_mvsTx2rJk6GQNv?usp=sharing"",1))",https://drive.google.com/drive/folders/1U3WVO-0_2mdvVy1Fm_mvsTx2rJk6GQNv?usp=sharing,"=HYPERLINK(""https://drive.google.com/drive/folders/1U3WVO-0_2mdvVy1Fm_mvsTx2rJk6GQNv?usp=sharing"",""wedding photo booth rental in Culver City PDFs"")",,
folder slides,wedding photo booth rental in Culver City Slides,"=HYPERLINK(""https://drive.google.com/drive/folders/1LPIrd8Gq4Wa039motIlU7M2jJXmXtZAu?usp=sharing"", IMAGE(""https://api.qrserver.com/v1/create-qr-code/?size=150x150&data=https://drive.google.com/drive/folders/1LPIrd8Gq4Wa039motIlU7M2jJXmXtZAu?usp=sharing"",1))",https://drive.google.com/drive/folders/1LPIrd8Gq4Wa039motIlU7M2jJXmXtZAu?usp=sharing,"=HYPERLINK(""https://drive.google.com/drive/folders/1LPIrd8Gq4Wa039motIlU7M2jJXmXtZAu?usp=sharing"",""wedding photo booth rental in Culver City Slides"")",,
photo,wedding photo booth rental in Culver City,"=HYPERLINK(""https://drive.google.com/file/d/1kedYz3aSZdOeoS4y-dVRbz4kTSz_a6le/view?usp=sharing"", IMAGE(""https://api.qrserver.com/v1/create-qr-code/?size=150x150&data=https://drive.google.com/file/d/1kedYz3aSZdOeoS4y-dVRbz4kTSz_a6le/view?usp=sharing"",1))",https://drive.google.com/file/d/1kedYz3aSZdOeoS4y-dVRbz4kTSz_a6le/view?usp=sharing,"=HYPERLINK(""https://drive.google.com/file/d/1kedYz3aSZdOeoS4y-dVRbz4kTSz_a6le/view?usp=sharing"",""wedding photo booth rental in Culver City"")",,
photo,wedding photo booth rental in Culver City,"=HYPERLINK(""https://drive.google.com/file/d/12xtM030d_-PN4isJQFl-TxWvkhZn-Wyc/view?usp=sharing"", IMAGE(""https://api.qrserver.com/v1/create-qr-code/?size=150x150&data=https://drive.google.com/file/d/12xtM030d_-PN4isJQFl-TxWvkhZn-Wyc/view?usp=sharing"",1))",https://drive.google.com/file/d/12xtM030d_-PN4isJQFl-TxWvkhZn-Wyc/view?usp=sharing,"=HYPERLINK(""https://drive.google.com/file/d/12xtM030d_-PN4isJQFl-TxWvkhZn-Wyc/view?usp=sharing"",""wedding photo booth rental in Culver City"")",,
spreadsheet,wedding photo booth rental in Culver City,"=HYPERLINK(""https://docs.google.com/spreadsheets/d/1xaXAQ-dBVdf9HUsSfySwjSxYJsalDX1QmyxgIgsLQos/edit?usp=sharing"", IMAGE(""https://api.qrserver.com/v1/create-qr-code/?size=150x150&data=https://docs.google.com/spreadsheets/d/1xaXAQ-dBVdf9HUsSfySwjSxYJsalDX1QmyxgIgsLQos/edit?usp=sharing"",1))",https://docs.google.com/spreadsheets/d/1xaXAQ-dBVdf9HUsSfySwjSxYJsalDX1QmyxgIgsLQos/edit?usp=sharing,"=HYPERLINK(""https://docs.google.com/spreadsheets/d/1xaXAQ-dBVdf9HUsSfySwjSxYJsalDX1QmyxgIgsLQos/edit?usp=sharing"",""wedding photo booth rental in Culver City"")",,
spreadsheet key,wedding photo booth rental in Culver City key,"=HYPERLINK(""https://docs.google.com/spreadsheet/pub?key=1xaXAQ-dBVdf9HUsSfySwjSxYJsalDX1QmyxgIgsLQos"", IMAGE(""https://api.qrserver.com/v1/create-qr-code/?size=150x150&data=https://docs.google.com/spreadsheet/pub?key=1xaXAQ-dBVdf9HUsSfySwjSxYJsalDX1QmyxgIgsLQos"",1))",https://docs.google.com/spreadsheet/pub?key=1xaXAQ-dBVdf9HUsSfySwjSxYJsalDX1QmyxgIgsLQos,"=HYPERLINK(""https://docs.google.com/spreadsheets/d/1xaXAQ-dBVdf9HUsSfySwjSxYJsalDX1QmyxgIgsLQos/edit?usp=sharing"",""wedding photo booth rental in Culver City"")",,
spreadsheet pubhtml,wedding photo booth rental in Culver City pubhtml,"=HYPERLINK(""https://docs.google.com/spreadsheets/d/1xaXAQ-dBVdf9HUsSfySwjSxYJsalDX1QmyxgIgsLQos/pubhtml"", IMAGE(""https://api.qrserver.com/v1/create-qr-code/?size=150x150&data=https://docs.google.com/spreadsheets/d/1xaXAQ-dBVdf9HUsSfySwjSxYJsalDX1QmyxgIgsLQos/pubhtml"",1))",https://docs.google.com/spreadsheets/d/1xaXAQ-dBVdf9HUsSfySwjSxYJsalDX1QmyxgIgsLQos/pubhtml,"=HYPERLINK(""https://docs.google.com/spreadsheets/d/1xaXAQ-dBVdf9HUsSfySwjSxYJsalDX1QmyxgIgsLQos/edit?usp=sharing"",""wedding photo booth rental in Culver City"")",,
spreadsheet pub,wedding photo booth rental in Culver City pub,"=HYPERLINK(""https://docs.google.com/spreadsheets/d/1xaXAQ-dBVdf9HUsSfySwjSxYJsalDX1QmyxgIgsLQos/pub"", IMAGE(""https://api.qrserver.com/v1/create-qr-code/?size=150x150&data=https://docs.google.com/spreadsheets/d/1xaXAQ-dBVdf9HUsSfySwjSxYJsalDX1QmyxgIgsLQos/pub"",1))",https://docs.google.com/spreadsheets/d/1xaXAQ-dBVdf9HUsSfySwjSxYJsalDX1QmyxgIgsLQos/pub,"=HYPERLINK(""https://docs.google.com/spreadsheets/d/1xaXAQ-dBVdf9HUsSfySwjSxYJsalDX1QmyxgIgsLQos/edit?usp=sharing"",""wedding photo booth rental in Culver City"")",,
spreadsheet view,wedding photo booth rental in Culver City view,"=HYPERLINK(""https://docs.google.com/spreadsheets/d/1xaXAQ-dBVdf9HUsSfySwjSxYJsalDX1QmyxgIgsLQos/view"", IMAGE(""https://api.qrserver.com/v1/create-qr-code/?size=150x150&data=https://docs.google.com/spreadsheets/d/1xaXAQ-dBVdf9HUsSfySwjSxYJsalDX1QmyxgIgsLQos/view"",1))",https://docs.google.com/spreadsheets/d/1xaXAQ-dBVdf9HUsSfySwjSxYJsalDX1QmyxgIgsLQos/view,"=HYPERLINK(""https://docs.google.com/spreadsheets/d/1xaXAQ-dBVdf9HUsSfySwjSxYJsalDX1QmyxgIgsLQos/edit?usp=sharing"",""wedding photo booth rental in Culver City"")",,
form,wedding photo booth rental in Culver City,"=HYPERLINK(""https://docs.google.com/forms/d/1fw0ojz4VFmz-Fs41VyxEsKx8NtojVQg9vpsnfrNCm_k/edit?usp=sharing"", IMAGE(""https://api.qrserver.com/v1/create-qr-code/?size=150x150&data=https://docs.google.com/forms/d/1fw0ojz4VFmz-Fs41VyxEsKx8NtojVQg9vpsnfrNCm_k/edit?usp=sharing"",1))",https://docs.google.com/forms/d/1fw0ojz4VFmz-Fs41VyxEsKx8NtojVQg9vpsnfrNCm_k/edit?usp=sharing,"=HYPERLINK(""https://docs.google.com/forms/d/1fw0ojz4VFmz-Fs41VyxEsKx8NtojVQg9vpsnfrNCm_k/edit?usp=sharing"",""wedding photo booth rental in Culver City"")",,
drawing,wedding photo booth rental in Culver City,"=HYPERLINK(""https://docs.google.com/drawings/d/17DWc3FQDxJ-TWzL9LSZl91wXfRfDSIvpmoq8RrX3qsk/edit?usp=sharing"", IMAGE(""https://api.qrserver.com/v1/create-qr-code/?size=150x150&data=https://docs.google.com/drawings/d/17DWc3FQDxJ-TWzL9LSZl91wXfRfDSIvpmoq8RrX3qsk/edit?usp=sharing"",1))",https://docs.google.com/drawings/d/17DWc3FQDxJ-TWzL9LSZl91wXfRfDSIvpmoq8RrX3qsk/edit?usp=sharing,"=HYPERLINK(""https://docs.google.com/drawings/d/17DWc3FQDxJ-TWzL9LSZl91wXfRfDSIvpmoq8RrX3qsk/edit?usp=sharing"",""wedding photo booth rental in Culver City"")",,
image,CTA or Logo,"=HYPERLINK(""https://drive.google.com/file/d/1Ub_baxN1yIKa7z6PHbWKiQ5Hv3QmkYdb/view?usp=drivesdk"", IMAGE(""https://api.qrserver.com/v1/create-qr-code/?size=150x150&data=https://drive.google.com/file/d/1Ub_baxN1yIKa7z6PHbWKiQ5Hv3QmkYdb/view?usp=drivesdk"",1))",https://drive.google.com/file/d/1Ub_baxN1yIKa7z6PHbWKiQ5Hv3QmkYdb/view?usp=drivesdk,,,
image link,CTA or Logo - image link,"=HYPERLINK(""https://sites.google.com/view/photoboothrentallongbeach/home"", IMAGE(""https://api.qrserver.com/v1/create-qr-code/?size=150x150&data=https://sites.google.com/view/photoboothrentallongbeach/home"",1))",https://sites.google.com/view/photoboothrentallongbeach/home,,,
document,wedding photo booth rental in Culver City,"=HYPERLINK(""https://docs.google.com/document/d/1NGf4jHcOkuNfSFG0h8Q6Ymxwrf1p80krDPQ_mKSAawg/edit?usp=sharing"", IMAGE(""https://api.qrserver.com/v1/create-qr-code/?size=150x150&data=https://docs.google.com/document/d/1NGf4jHcOkuNfSFG0h8Q6Ymxwrf1p80krDPQ_mKSAawg/edit?usp=sharing"",1))",https://docs.google.com/document/d/1NGf4jHcOkuNfSFG0h8Q6Ymxwrf1p80krDPQ_mKSAawg/edit?usp=sharing,"=HYPERLINK(""https://docs.google.com/document/d/1NGf4jHcOkuNfSFG0h8Q6Ymxwrf1p80krDPQ_mKSAawg/edit?usp=sharing"",""wedding photo booth rental in Culver City"")",,
document pub,wedding photo booth rental in Culver City pub,"=HYPERLINK(""https://docs.google.com/document/d/1NGf4jHcOkuNfSFG0h8Q6Ymxwrf1p80krDPQ_mKSAawg/pub"", IMAGE(""https://api.qrserver.com/v1/create-qr-code/?size=150x150&data=https://docs.google.com/document/d/1NGf4jHcOkuNfSFG0h8Q6Ymxwrf1p80krDPQ_mKSAawg/pub"",1))",https://docs.google.com/document/d/1NGf4jHcOkuNfSFG0h8Q6Ymxwrf1p80krDPQ_mKSAawg/pub,"=HYPERLINK(""https://docs.google.com/document/d/1NGf4jHcOkuNfSFG0h8Q6Ymxwrf1p80krDPQ_mKSAawg/edit?usp=sharing"",""wedding photo booth rental in Culver City"")",,
document view,wedding photo booth rental in Culver City view,"=HYPERLINK(""https://docs.google.com/document/d/1NGf4jHcOkuNfSFG0h8Q6Ymxwrf1p80krDPQ_mKSAawg/view"", IMAGE(""https://api.qrserver.com/v1/create-qr-code/?size=150x150&data=https://docs.google.com/document/d/1NGf4jHcOkuNfSFG0h8Q6Ymxwrf1p80krDPQ_mKSAawg/view"",1))",https://docs.google.com/document/d/1NGf4jHcOkuNfSFG0h8Q6Ymxwrf1p80krDPQ_mKSAawg/view,"=HYPERLINK(""https://docs.google.com/document/d/1NGf4jHcOkuNfSFG0h8Q6Ymxwrf1p80krDPQ_mKSAawg/edit?usp=sharing"",""wedding photo booth rental in Culver City"")",,
presentation,wedding photo booth rental in Culver City,"=HYPERLINK(""https://docs.google.com/presentation/d/10Rc23HFWvk_1DuTPV2H1vbDKMPSpxGVdd-iACmpbCBk/edit?usp=sharing"", IMAGE(""https://api.qrserver.com/v1/create-qr-code/?size=150x150&data=https://docs.google.com/presentation/d/10Rc23HFWvk_1DuTPV2H1vbDKMPSpxGVdd-iACmpbCBk/edit?usp=sharing"",1))",https://docs.google.com/presentation/d/10Rc23HFWvk_1DuTPV2H1vbDKMPSpxGVdd-iACmpbCBk/edit?usp=sharing,"=HYPERLINK(""https://docs.google.com/presentation/d/10Rc23HFWvk_1DuTPV2H1vbDKMPSpxGVdd-iACmpbCBk/edit?usp=sharing"",""wedding photo booth rental in Culver City"")",,
presentation pub,wedding photo booth rental in Culver City pub,"=HYPERLINK(""https://docs.google.com/presentation/d/10Rc23HFWvk_1DuTPV2H1vbDKMPSpxGVdd-iACmpbCBk/pub?start=true&loop=true&delayms=3000"", IMAGE(""https://api.qrserver.com/v1/create-qr-code/?size=150x150&data=https://docs.google.com/presentation/d/10Rc23HFWvk_1DuTPV2H1vbDKMPSpxGVdd-iACmpbCBk/pub?start=true&loop=true&delayms=3000"",1))",https://docs.google.com/presentation/d/10Rc23HFWvk_1DuTPV2H1vbDKMPSpxGVdd-iACmpbCBk/pub?start=true&loop=true&delayms=3000,"=HYPERLINK(""https://docs.google.com/presentation/d/10Rc23HFWvk_1DuTPV2H1vbDKMPSpxGVdd-iACmpbCBk/edit?usp=sharing"",""wedding photo booth rental in Culver City"")",,
presentation view,wedding photo booth rental in Culver City view,"=HYPERLINK(""https://docs.google.com/presentation/d/10Rc23HFWvk_1DuTPV2H1vbDKMPSpxGVdd-iACmpbCBk/view"", IMAGE(""https://api.qrserver.com/v1/create-qr-code/?size=150x150&data=https://docs.google.com/presentation/d/10Rc23HFWvk_1DuTPV2H1vbDKMPSpxGVdd-iACmpbCBk/view"",1))",https://docs.google.com/presentation/d/10Rc23HFWvk_1DuTPV2H1vbDKMPSpxGVdd-iACmpbCBk/view,"=HYPERLINK(""https://docs.google.com/presentation/d/10Rc23HFWvk_1DuTPV2H1vbDKMPSpxGVdd-iACmpbCBk/edit?usp=sharing"",""wedding photo booth rental in Culver City"")",,
presentation html,wedding photo booth rental in Culver City html,"=HYPERLINK(""https://docs.google.com/presentation/d/10Rc23HFWvk_1DuTPV2H1vbDKMPSpxGVdd-iACmpbCBk/htmlpresent"", IMAGE(""https://api.qrserver.com/v1/create-qr-code/?size=150x150&data=https://docs.google.com/presentation/d/10Rc23HFWvk_1DuTPV2H1vbDKMPSpxGVdd-iACmpbCBk/htmlpresent"",1))",https://docs.google.com/presentation/d/10Rc23HFWvk_1DuTPV2H1vbDKMPSpxGVdd-iACmpbCBk/htmlpresent,"=HYPERLINK(""https://docs.google.com/presentation/d/10Rc23HFWvk_1DuTPV2H1vbDKMPSpxGVdd-iACmpbCBk/edit?usp=sharing"",""wedding photo booth rental in Culver City"")",,
calendar,Calendar - wedding photo booth rental in Culver City,"=HYPERLINK(""https://calendar.google.com?cid=017eb3e09e492c18c2de0c70108a48453eec2825196f9451588fb078b71108ac@group.calendar.google.com"", IMAGE(""https://api.qrserver.com/v1/create-qr-code/?size=150x150&data=https://calendar.google.com?cid=017eb3e09e492c18c2de0c70108a48453eec2825196f9451588fb078b71108ac@group.calendar.google.com"",1))",https://calendar.google.com?cid=017eb3e09e492c18c2de0c70108a48453eec2825196f9451588fb078b71108ac@group.calendar.google.com,"=HYPERLINK(""https://calendar.google.com?cid=017eb3e09e492c18c2de0c70108a48453eec2825196f9451588fb078b71108ac@group.calendar.google.com"",""wedding photo booth rental in Culver City"")",,
Calendar - All Day Event,Calendar - wedding photo booth rental in Culver City - Event,"=HYPERLINK(""https://www.google.com/calendar/event?eid=ZTUybGVncDlncjRyMTU4YTZpODQwaGcybTQgMDE3ZWIzZTA5ZTQ5MmMxOGMyZGUwYzcwMTA4YTQ4NDUzZWVjMjgyNTE5NmY5NDUxNTg4ZmIwNzhiNzExMDhhY0Bncm91cC5jYWxlbmRhci5nb29nbGUuY29t"", IMAGE(""https://api.qrserver.com/v1/create-qr-code/?size=150x150&data=https://www.google.com/calendar/event?eid=ZTUybGVncDlncjRyMTU4YTZpODQwaGcybTQgMDE3ZWIzZTA5ZTQ5MmMxOGMyZGUwYzcwMTA4YTQ4NDUzZWVjMjgyNTE5NmY5NDUxNTg4ZmIwNzhiNzExMDhhY0Bncm91cC5jYWxlbmRhci5nb29nbGUuY29t"",1))",https://www.google.com/calendar/event?eid=ZTUybGVncDlncjRyMTU4YTZpODQwaGcybTQgMDE3ZWIzZTA5ZTQ5MmMxOGMyZGUwYzcwMTA4YTQ4NDUzZWVjMjgyNTE5NmY5NDUxNTg4ZmIwNzhiNzExMDhhY0Bncm91cC5jYWxlbmRhci5nb29nbGUuY29t,"=HYPERLINK(""https://www.google.com/calendar/event?eid=ZTUybGVncDlncjRyMTU4YTZpODQwaGcybTQgMDE3ZWIzZTA5ZTQ5MmMxOGMyZGUwYzcwMTA4YTQ4NDUzZWVjMjgyNTE5NmY5NDUxNTg4ZmIwNzhiNzExMDhhY0Bncm91cC5jYWxlbmRhci5nb29nbGUuY29t"",""wedding photo booth rental in Culver City"")",,
Calendar - All Day Event,Calendar - wedding photo booth rental in Culver City - Event,"=HYPERLINK(""https://www.google.com/calendar/event?eid=ZGc5aGppM2NmamtjMzRxbG5uZmhpbnI3dDggMDE3ZWIzZTA5ZTQ5MmMxOGMyZGUwYzcwMTA4YTQ4NDUzZWVjMjgyNTE5NmY5NDUxNTg4ZmIwNzhiNzExMDhhY0Bncm91cC5jYWxlbmRhci5nb29nbGUuY29t"", IMAGE(""https://api.qrserver.com/v1/create-qr-code/?size=150x150&data=https://www.google.com/calendar/event?eid=ZGc5aGppM2NmamtjMzRxbG5uZmhpbnI3dDggMDE3ZWIzZTA5ZTQ5MmMxOGMyZGUwYzcwMTA4YTQ4NDUzZWVjMjgyNTE5NmY5NDUxNTg4ZmIwNzhiNzExMDhhY0Bncm91cC5jYWxlbmRhci5nb29nbGUuY29t"",1))",https://www.google.com/calendar/event?eid=ZGc5aGppM2NmamtjMzRxbG5uZmhpbnI3dDggMDE3ZWIzZTA5ZTQ5MmMxOGMyZGUwYzcwMTA4YTQ4NDUzZWVjMjgyNTE5NmY5NDUxNTg4ZmIwNzhiNzExMDhhY0Bncm91cC5jYWxlbmRhci5nb29nbGUuY29t,"=HYPERLINK(""https://www.google.com/calendar/event?eid=ZGc5aGppM2NmamtjMzRxbG5uZmhpbnI3dDggMDE3ZWIzZTA5ZTQ5MmMxOGMyZGUwYzcwMTA4YTQ4NDUzZWVjMjgyNTE5NmY5NDUxNTg4ZmIwNzhiNzExMDhhY0Bncm91cC5jYWxlbmRhci5nb29nbGUuY29t"",""wedding photo booth rental in Culver City"")",,
Calendar - All Day Event,Calendar - wedding photo booth rental in Culver City - Event,"=HYPERLINK(""https://www.google.com/calendar/event?eid=aWRycDAyMDg5ZGVyOWg2aDd1Zm1lYnUyajQgMDE3ZWIzZTA5ZTQ5MmMxOGMyZGUwYzcwMTA4YTQ4NDUzZWVjMjgyNTE5NmY5NDUxNTg4ZmIwNzhiNzExMDhhY0Bncm91cC5jYWxlbmRhci5nb29nbGUuY29t"", IMAGE(""https://api.qrserver.com/v1/create-qr-code/?size=150x150&data=https://www.google.com/calendar/event?eid=aWRycDAyMDg5ZGVyOWg2aDd1Zm1lYnUyajQgMDE3ZWIzZTA5ZTQ5MmMxOGMyZGUwYzcwMTA4YTQ4NDUzZWVjMjgyNTE5NmY5NDUxNTg4ZmIwNzhiNzExMDhhY0Bncm91cC5jYWxlbmRhci5nb29nbGUuY29t"",1))",https://www.google.com/calendar/event?eid=aWRycDAyMDg5ZGVyOWg2aDd1Zm1lYnUyajQgMDE3ZWIzZTA5ZTQ5MmMxOGMyZGUwYzcwMTA4YTQ4NDUzZWVjMjgyNTE5NmY5NDUxNTg4ZmIwNzhiNzExMDhhY0Bncm91cC5jYWxlbmRhci5nb29nbGUuY29t,"=HYPERLINK(""https://www.google.com/calendar/event?eid=aWRycDAyMDg5ZGVyOWg2aDd1Zm1lYnUyajQgMDE3ZWIzZTA5ZTQ5MmMxOGMyZGUwYzcwMTA4YTQ4NDUzZWVjMjgyNTE5NmY5NDUxNTg4ZmIwNzhiNzExMDhhY0Bncm91cC5jYWxlbmRhci5nb29nbGUuY29t"",""wedding photo booth rental in Culver City"")",,
Calendar - All Day Event,Calendar - wedding photo booth rental in Culver City - Event,"=HYPERLINK(""https://www.google.com/calendar/event?eid=aDh1b2hkbnQxcDZyZGtsZHMyZTN1bzg5cjAgMDE3ZWIzZTA5ZTQ5MmMxOGMyZGUwYzcwMTA4YTQ4NDUzZWVjMjgyNTE5NmY5NDUxNTg4ZmIwNzhiNzExMDhhY0Bncm91cC5jYWxlbmRhci5nb29nbGUuY29t"", IMAGE(""https://api.qrserver.com/v1/create-qr-code/?size=150x150&data=https://www.google.com/calendar/event?eid=aDh1b2hkbnQxcDZyZGtsZHMyZTN1bzg5cjAgMDE3ZWIzZTA5ZTQ5MmMxOGMyZGUwYzcwMTA4YTQ4NDUzZWVjMjgyNTE5NmY5NDUxNTg4ZmIwNzhiNzExMDhhY0Bncm91cC5jYWxlbmRhci5nb29nbGUuY29t"",1))",https://www.google.com/calendar/event?eid=aDh1b2hkbnQxcDZyZGtsZHMyZTN1bzg5cjAgMDE3ZWIzZTA5ZTQ5MmMxOGMyZGUwYzcwMTA4YTQ4NDUzZWVjMjgyNTE5NmY5NDUxNTg4ZmIwNzhiNzExMDhhY0Bncm91cC5jYWxlbmRhci5nb29nbGUuY29t,"=HYPERLINK(""https://www.google.com/calendar/event?eid=aDh1b2hkbnQxcDZyZGtsZHMyZTN1bzg5cjAgMDE3ZWIzZTA5ZTQ5MmMxOGMyZGUwYzcwMTA4YTQ4NDUzZWVjMjgyNTE5NmY5NDUxNTg4ZmIwNzhiNzExMDhhY0Bncm91cC5jYWxlbmRhci5nb29nbGUuY29t"",""wedding photo booth rental in Culver City"")",,
Calendar - All Day Event,Calendar - wedding photo booth rental in Culver City - Event,"=HYPERLINK(""https://www.google.com/calendar/event?eid=NWR1bGV0MTlmcW85Z2NtY2FkcnRrazZucTQgMDE3ZWIzZTA5ZTQ5MmMxOGMyZGUwYzcwMTA4YTQ4NDUzZWVjMjgyNTE5NmY5NDUxNTg4ZmIwNzhiNzExMDhhY0Bncm91cC5jYWxlbmRhci5nb29nbGUuY29t"", IMAGE(""https://api.qrserver.com/v1/create-qr-code/?size=150x150&data=https://www.google.com/calendar/event?eid=NWR1bGV0MTlmcW85Z2NtY2FkcnRrazZucTQgMDE3ZWIzZTA5ZTQ5MmMxOGMyZGUwYzcwMTA4YTQ4NDUzZWVjMjgyNTE5NmY5NDUxNTg4ZmIwNzhiNzExMDhhY0Bncm91cC5jYWxlbmRhci5nb29nbGUuY29t"",1))",https://www.google.com/calendar/event?eid=NWR1bGV0MTlmcW85Z2NtY2FkcnRrazZucTQgMDE3ZWIzZTA5ZTQ5MmMxOGMyZGUwYzcwMTA4YTQ4NDUzZWVjMjgyNTE5NmY5NDUxNTg4ZmIwNzhiNzExMDhhY0Bncm91cC5jYWxlbmRhci5nb29nbGUuY29t,"=HYPERLINK(""https://www.google.com/calendar/event?eid=NWR1bGV0MTlmcW85Z2NtY2FkcnRrazZucTQgMDE3ZWIzZTA5ZTQ5MmMxOGMyZGUwYzcwMTA4YTQ4NDUzZWVjMjgyNTE5NmY5NDUxNTg4ZmIwNzhiNzExMDhhY0Bncm91cC5jYWxlbmRhci5nb29nbGUuY29t"",""wedding photo booth rental in Culver City"")",,
Calendar - All Day Event,Calendar - wedding photo booth rental in Culver City - Event,"=HYPERLINK(""https://www.google.com/calendar/event?eid=czdpOHI1MDExbDRqMWhrY2IxOGtzZXM2NXMgMDE3ZWIzZTA5ZTQ5MmMxOGMyZGUwYzcwMTA4YTQ4NDUzZWVjMjgyNTE5NmY5NDUxNTg4ZmIwNzhiNzExMDhhY0Bncm91cC5jYWxlbmRhci5nb29nbGUuY29t"", IMAGE(""https://api.qrserver.com/v1/create-qr-code/?size=150x150&data=https://www.google.com/calendar/event?eid=czdpOHI1MDExbDRqMWhrY2IxOGtzZXM2NXMgMDE3ZWIzZTA5ZTQ5MmMxOGMyZGUwYzcwMTA4YTQ4NDUzZWVjMjgyNTE5NmY5NDUxNTg4ZmIwNzhiNzExMDhhY0Bncm91cC5jYWxlbmRhci5nb29nbGUuY29t"",1))",https://www.google.com/calendar/event?eid=czdpOHI1MDExbDRqMWhrY2IxOGtzZXM2NXMgMDE3ZWIzZTA5ZTQ5MmMxOGMyZGUwYzcwMTA4YTQ4NDUzZWVjMjgyNTE5NmY5NDUxNTg4ZmIwNzhiNzExMDhhY0Bncm91cC5jYWxlbmRhci5nb29nbGUuY29t,"=HYPERLINK(""https://www.google.com/calendar/event?eid=czdpOHI1MDExbDRqMWhrY2IxOGtzZXM2NXMgMDE3ZWIzZTA5ZTQ5MmMxOGMyZGUwYzcwMTA4YTQ4NDUzZWVjMjgyNTE5NmY5NDUxNTg4ZmIwNzhiNzExMDhhY0Bncm91cC5jYWxlbmRhci5nb29nbGUuY29t"",""wedding photo booth rental in Culver City"")",,
Calendar - All Day Event,Calendar - wedding photo booth rental in Culver City - Event,"=HYPERLINK(""https://www.google.com/calendar/event?eid=aWZ2dDZybzlhdTBvb3F1YWJ2MTIzN2tjMWcgMDE3ZWIzZTA5ZTQ5MmMxOGMyZGUwYzcwMTA4YTQ4NDUzZWVjMjgyNTE5NmY5NDUxNTg4ZmIwNzhiNzExMDhhY0Bncm91cC5jYWxlbmRhci5nb29nbGUuY29t"", IMAGE(""https://api.qrserver.com/v1/create-qr-code/?size=150x150&data=https://www.google.com/calendar/event?eid=aWZ2dDZybzlhdTBvb3F1YWJ2MTIzN2tjMWcgMDE3ZWIzZTA5ZTQ5MmMxOGMyZGUwYzcwMTA4YTQ4NDUzZWVjMjgyNTE5NmY5NDUxNTg4ZmIwNzhiNzExMDhhY0Bncm91cC5jYWxlbmRhci5nb29nbGUuY29t"",1))",https://www.google.com/calendar/event?eid=aWZ2dDZybzlhdTBvb3F1YWJ2MTIzN2tjMWcgMDE3ZWIzZTA5ZTQ5MmMxOGMyZGUwYzcwMTA4YTQ4NDUzZWVjMjgyNTE5NmY5NDUxNTg4ZmIwNzhiNzExMDhhY0Bncm91cC5jYWxlbmRhci5nb29nbGUuY29t,"=HYPERLINK(""https://www.google.com/calendar/event?eid=aWZ2dDZybzlhdTBvb3F1YWJ2MTIzN2tjMWcgMDE3ZWIzZTA5ZTQ5MmMxOGMyZGUwYzcwMTA4YTQ4NDUzZWVjMjgyNTE5NmY5NDUxNTg4ZmIwNzhiNzExMDhhY0Bncm91cC5jYWxlbmRhci5nb29nbGUuY29t"",""wedding photo booth rental in Culver City"")",,
Calendar - All Day Event,Calendar - wedding photo booth rental in Culver City - Event,"=HYPERLINK(""https://www.google.com/calendar/event?eid=N2E3azFsbW04azR1cGluc29pZDB0MWs5OTAgMDE3ZWIzZTA5ZTQ5MmMxOGMyZGUwYzcwMTA4YTQ4NDUzZWVjMjgyNTE5NmY5NDUxNTg4ZmIwNzhiNzExMDhhY0Bncm91cC5jYWxlbmRhci5nb29nbGUuY29t"", IMAGE(""https://api.qrserver.com/v1/create-qr-code/?size=150x150&data=https://www.google.com/calendar/event?eid=N2E3azFsbW04azR1cGluc29pZDB0MWs5OTAgMDE3ZWIzZTA5ZTQ5MmMxOGMyZGUwYzcwMTA4YTQ4NDUzZWVjMjgyNTE5NmY5NDUxNTg4ZmIwNzhiNzExMDhhY0Bncm91cC5jYWxlbmRhci5nb29nbGUuY29t"",1))",https://www.google.com/calendar/event?eid=N2E3azFsbW04azR1cGluc29pZDB0MWs5OTAgMDE3ZWIzZTA5ZTQ5MmMxOGMyZGUwYzcwMTA4YTQ4NDUzZWVjMjgyNTE5NmY5NDUxNTg4ZmIwNzhiNzExMDhhY0Bncm91cC5jYWxlbmRhci5nb29nbGUuY29t,"=HYPERLINK(""https://www.google.com/calendar/event?eid=N2E3azFsbW04azR1cGluc29pZDB0MWs5OTAgMDE3ZWIzZTA5ZTQ5MmMxOGMyZGUwYzcwMTA4YTQ4NDUzZWVjMjgyNTE5NmY5NDUxNTg4ZmIwNzhiNzExMDhhY0Bncm91cC5jYWxlbmRhci5nb29nbGUuY29t"",""wedding photo booth rental in Culver City"")",,
Calendar - All Day Event,Calendar - wedding photo booth rental in Culver City - Event,"=HYPERLINK(""https://www.google.com/calendar/event?eid=cmthb2hxcWk4M2l2MDloNjEyZmk0YXJzZDggMDE3ZWIzZTA5ZTQ5MmMxOGMyZGUwYzcwMTA4YTQ4NDUzZWVjMjgyNTE5NmY5NDUxNTg4ZmIwNzhiNzExMDhhY0Bncm91cC5jYWxlbmRhci5nb29nbGUuY29t"", IMAGE(""https://api.qrserver.com/v1/create-qr-code/?size=150x150&data=https://www.google.com/calendar/event?eid=cmthb2hxcWk4M2l2MDloNjEyZmk0YXJzZDggMDE3ZWIzZTA5ZTQ5MmMxOGMyZGUwYzcwMTA4YTQ4NDUzZWVjMjgyNTE5NmY5NDUxNTg4ZmIwNzhiNzExMDhhY0Bncm91cC5jYWxlbmRhci5nb29nbGUuY29t"",1))",https://www.google.com/calendar/event?eid=cmthb2hxcWk4M2l2MDloNjEyZmk0YXJzZDggMDE3ZWIzZTA5ZTQ5MmMxOGMyZGUwYzcwMTA4YTQ4NDUzZWVjMjgyNTE5NmY5NDUxNTg4ZmIwNzhiNzExMDhhY0Bncm91cC5jYWxlbmRhci5nb29nbGUuY29t,"=HYPERLINK(""https://www.google.com/calendar/event?eid=cmthb2hxcWk4M2l2MDloNjEyZmk0YXJzZDggMDE3ZWIzZTA5ZTQ5MmMxOGMyZGUwYzcwMTA4YTQ4NDUzZWVjMjgyNTE5NmY5NDUxNTg4ZmIwNzhiNzExMDhhY0Bncm91cC5jYWxlbmRhci5nb29nbGUuY29t"",""wedding photo booth rental in Culver City"")",,
Calendar - All Day Event,Calendar - wedding photo booth rental in Culver City - Event,"=HYPERLINK(""https://www.google.com/calendar/event?eid=aTNldThqcXJubnBnOWZxbmI4bWRkbThobWMgMDE3ZWIzZTA5ZTQ5MmMxOGMyZGUwYzcwMTA4YTQ4NDUzZWVjMjgyNTE5NmY5NDUxNTg4ZmIwNzhiNzExMDhhY0Bncm91cC5jYWxlbmRhci5nb29nbGUuY29t"", IMAGE(""https://api.qrserver.com/v1/create-qr-code/?size=150x150&data=https://www.google.com/calendar/event?eid=aTNldThqcXJubnBnOWZxbmI4bWRkbThobWMgMDE3ZWIzZTA5ZTQ5MmMxOGMyZGUwYzcwMTA4YTQ4NDUzZWVjMjgyNTE5NmY5NDUxNTg4ZmIwNzhiNzExMDhhY0Bncm91cC5jYWxlbmRhci5nb29nbGUuY29t"",1))",https://www.google.com/calendar/event?eid=aTNldThqcXJubnBnOWZxbmI4bWRkbThobWMgMDE3ZWIzZTA5ZTQ5MmMxOGMyZGUwYzcwMTA4YTQ4NDUzZWVjMjgyNTE5NmY5NDUxNTg4ZmIwNzhiNzExMDhhY0Bncm91cC5jYWxlbmRhci5nb29nbGUuY29t,"=HYPERLINK(""https://www.google.com/calendar/event?eid=aTNldThqcXJubnBnOWZxbmI4bWRkbThobWMgMDE3ZWIzZTA5ZTQ5MmMxOGMyZGUwYzcwMTA4YTQ4NDUzZWVjMjgyNTE5NmY5NDUxNTg4ZmIwNzhiNzExMDhhY0Bncm91cC5jYWxlbmRhci5nb29nbGUuY29t"",""wedding photo booth rental in Culver City"")",,
Calendar - All Day Event,Calendar - wedding photo booth rental in Culver City - Event,"=HYPERLINK(""https://www.google.com/calendar/event?eid=czQ4dm9kb2FiN2htMmlmYzBmaTNpNzlwYWcgMDE3ZWIzZTA5ZTQ5MmMxOGMyZGUwYzcwMTA4YTQ4NDUzZWVjMjgyNTE5NmY5NDUxNTg4ZmIwNzhiNzExMDhhY0Bncm91cC5jYWxlbmRhci5nb29nbGUuY29t"", IMAGE(""https://api.qrserver.com/v1/create-qr-code/?size=150x150&data=https://www.google.com/calendar/event?eid=czQ4dm9kb2FiN2htMmlmYzBmaTNpNzlwYWcgMDE3ZWIzZTA5ZTQ5MmMxOGMyZGUwYzcwMTA4YTQ4NDUzZWVjMjgyNTE5NmY5NDUxNTg4ZmIwNzhiNzExMDhhY0Bncm91cC5jYWxlbmRhci5nb29nbGUuY29t"",1))",https://www.google.com/calendar/event?eid=czQ4dm9kb2FiN2htMmlmYzBmaTNpNzlwYWcgMDE3ZWIzZTA5ZTQ5MmMxOGMyZGUwYzcwMTA4YTQ4NDUzZWVjMjgyNTE5NmY5NDUxNTg4ZmIwNzhiNzExMDhhY0Bncm91cC5jYWxlbmRhci5nb29nbGUuY29t,"=HYPERLINK(""https://www.google.com/calendar/event?eid=czQ4dm9kb2FiN2htMmlmYzBmaTNpNzlwYWcgMDE3ZWIzZTA5ZTQ5MmMxOGMyZGUwYzcwMTA4YTQ4NDUzZWVjMjgyNTE5NmY5NDUxNTg4ZmIwNzhiNzExMDhhY0Bncm91cC5jYWxlbmRhci5nb29nbGUuY29t"",""wedding photo booth rental in Culver City"")",,
Calendar - All Day Event,Calendar - wedding photo booth rental in Culver City - Event,"=HYPERLINK(""https://www.google.com/calendar/event?eid=ZzRtbHY5N2d0aTYwZmNpa2o0b2luc2pzZzggMDE3ZWIzZTA5ZTQ5MmMxOGMyZGUwYzcwMTA4YTQ4NDUzZWVjMjgyNTE5NmY5NDUxNTg4ZmIwNzhiNzExMDhhY0Bncm91cC5jYWxlbmRhci5nb29nbGUuY29t"", IMAGE(""https://api.qrserver.com/v1/create-qr-code/?size=150x150&data=https://www.google.com/calendar/event?eid=ZzRtbHY5N2d0aTYwZmNpa2o0b2luc2pzZzggMDE3ZWIzZTA5ZTQ5MmMxOGMyZGUwYzcwMTA4YTQ4NDUzZWVjMjgyNTE5NmY5NDUxNTg4ZmIwNzhiNzExMDhhY0Bncm91cC5jYWxlbmRhci5nb29nbGUuY29t"",1))",https://www.google.com/calendar/event?eid=ZzRtbHY5N2d0aTYwZmNpa2o0b2luc2pzZzggMDE3ZWIzZTA5ZTQ5MmMxOGMyZGUwYzcwMTA4YTQ4NDUzZWVjMjgyNTE5NmY5NDUxNTg4ZmIwNzhiNzExMDhhY0Bncm91cC5jYWxlbmRhci5nb29nbGUuY29t,"=HYPERLINK(""https://www.google.com/calendar/event?eid=ZzRtbHY5N2d0aTYwZmNpa2o0b2luc2pzZzggMDE3ZWIzZTA5ZTQ5MmMxOGMyZGUwYzcwMTA4YTQ4NDUzZWVjMjgyNTE5NmY5NDUxNTg4ZmIwNzhiNzExMDhhY0Bncm91cC5jYWxlbmRhci5nb29nbGUuY29t"",""wedding photo booth rental in Culver City"")",,
Calendar - All Day Event,Calendar - wedding photo booth rental in Culver City - Event,"=HYPERLINK(""https://www.google.com/calendar/event?eid=NTduM2d2ODdvMnM5YXRscDB0dGxubDNocWMgMDE3ZWIzZTA5ZTQ5MmMxOGMyZGUwYzcwMTA4YTQ4NDUzZWVjMjgyNTE5NmY5NDUxNTg4ZmIwNzhiNzExMDhhY0Bncm91cC5jYWxlbmRhci5nb29nbGUuY29t"", IMAGE(""https://api.qrserver.com/v1/create-qr-code/?size=150x150&data=https://www.google.com/calendar/event?eid=NTduM2d2ODdvMnM5YXRscDB0dGxubDNocWMgMDE3ZWIzZTA5ZTQ5MmMxOGMyZGUwYzcwMTA4YTQ4NDUzZWVjMjgyNTE5NmY5NDUxNTg4ZmIwNzhiNzExMDhhY0Bncm91cC5jYWxlbmRhci5nb29nbGUuY29t"",1))",https://www.google.com/calendar/event?eid=NTduM2d2ODdvMnM5YXRscDB0dGxubDNocWMgMDE3ZWIzZTA5ZTQ5MmMxOGMyZGUwYzcwMTA4YTQ4NDUzZWVjMjgyNTE5NmY5NDUxNTg4ZmIwNzhiNzExMDhhY0Bncm91cC5jYWxlbmRhci5nb29nbGUuY29t,"=HYPERLINK(""https://www.google.com/calendar/event?eid=NTduM2d2ODdvMnM5YXRscDB0dGxubDNocWMgMDE3ZWIzZTA5ZTQ5MmMxOGMyZGUwYzcwMTA4YTQ4NDUzZWVjMjgyNTE5NmY5NDUxNTg4ZmIwNzhiNzExMDhhY0Bncm91cC5jYWxlbmRhci5nb29nbGUuY29t"",""wedding photo booth rental in Culver City"")",,
video,wedding photo booth rental in Culver City,"=HYPERLINK(""https://youtu.be/pwiqBbyeUjE"", IMAGE(""https://api.qrserver.com/v1/create-qr-code/?size=150x150&data=https://youtu.be/pwiqBbyeUjE"",1))",https://youtu.be/pwiqBbyeUjE,"=HYPERLINK(""https://youtu.be/pwiqBbyeUjE"",""wedding photo booth rental in Culver City"")",,
video,wedding photo booth rental in Culver City,"=HYPERLINK(""https://youtu.be/1-dEkZNtZHI"", IMAGE(""https://api.qrserver.com/v1/create-qr-code/?size=150x150&data=https://youtu.be/1-dEkZNtZHI"",1))",https://youtu.be/1-dEkZNtZHI,"=HYPERLINK(""https://youtu.be/1-dEkZNtZHI"",""wedding photo booth rental in Culver City"")",,
video,wedding photo booth rental in Culver City,"=HYPERLINK(""https://youtu.be/FPsGz17-j10"", IMAGE(""https://api.qrserver.com/v1/create-qr-code/?size=150x150&data=https://youtu.be/FPsGz17-j10"",1))",https://youtu.be/FPsGz17-j10,"=HYPERLINK(""https://youtu.be/FPsGz17-j10"",""wedding photo booth rental in Culver City"")",,
video,wedding photo booth rental in Culver City,"=HYPERLINK(""https://youtu.be/EmCLBIu0R2I"", IMAGE(""https://api.qrserver.com/v1/create-qr-code/?size=150x150&data=https://youtu.be/EmCLBIu0R2I"",1))",https://youtu.be/EmCLBIu0R2I,"=HYPERLINK(""https://youtu.be/EmCLBIu0R2I"",""wedding photo booth rental in Culver City"")",,
video,wedding photo booth rental in Culver City,"=HYPERLINK(""https://youtu.be/10hlB0RTfVM"", IMAGE(""https://api.qrserver.com/v1/create-qr-code/?size=150x150&data=https://youtu.be/10hlB0RTfVM"",1))",https://youtu.be/10hlB0RTfVM,"=HYPERLINK(""https://youtu.be/10hlB0RTfVM"",""wedding photo booth rental in Culver City"")",,
sheet,Sheet1,"=HYPERLINK(""https://docs.google.com/spreadsheets/d/1xaXAQ-dBVdf9HUsSfySwjSxYJsalDX1QmyxgIgsLQos/edit#gid=0"", IMAGE(""https://api.qrserver.com/v1/create-qr-code/?size=150x150&data=https://docs.google.com/spreadsheets/d/1xaXAQ-dBVdf9HUsSfySwjSxYJsalDX1QmyxgIgsLQos/edit#gid=0"",1))",https://docs.google.com/spreadsheets/d/1xaXAQ-dBVdf9HUsSfySwjSxYJsalDX1QmyxgIgsLQos/edit#gid=0,"=HYPERLINK(""https://docs.google.com/spreadsheets/d/1xaXAQ-dBVdf9HUsSfySwjSxYJsalDX1QmyxgIgsLQos/edit#gid=0"",""wedding photo booth rental in Culver City Sheet1"")",,
sheet,Keywords,"=HYPERLINK(""https://docs.google.com/spreadsheets/d/1xaXAQ-dBVdf9HUsSfySwjSxYJsalDX1QmyxgIgsLQos/edit#gid=1581265411"", IMAGE(""https://api.qrserver.com/v1/create-qr-code/?size=150x150&data=https://docs.google.com/spreadsheets/d/1xaXAQ-dBVdf9HUsSfySwjSxYJsalDX1QmyxgIgsLQos/edit#gid=1581265411"",1))",https://docs.google.com/spreadsheets/d/1xaXAQ-dBVdf9HUsSfySwjSxYJsalDX1QmyxgIgsLQos/edit#gid=1581265411,"=HYPERLINK(""https://docs.google.com/spreadsheets/d/1xaXAQ-dBVdf9HUsSfySwjSxYJsalDX1QmyxgIgsLQos/edit#gid=1581265411"",""wedding photo booth rental in Culver City Keywords"")",,
sheet,Content,"=HYPERLINK(""https://docs.google.com/spreadsheets/d/1xaXAQ-dBVdf9HUsSfySwjSxYJsalDX1QmyxgIgsLQos/edit#gid=178519915"", IMAGE(""https://api.qrserver.com/v1/create-qr-code/?size=150x150&data=https://docs.google.com/spreadsheets/d/1xaXAQ-dBVdf9HUsSfySwjSxYJsalDX1QmyxgIgsLQos/edit#gid=178519915"",1))",https://docs.google.com/spreadsheets/d/1xaXAQ-dBVdf9HUsSfySwjSxYJsalDX1QmyxgIgsLQos/edit#gid=178519915,"=HYPERLINK(""https://docs.google.com/spreadsheets/d/1xaXAQ-dBVdf9HUsSfySwjSxYJsalDX1QmyxgIgsLQos/edit#gid=178519915"",""wedding photo booth rental in Culver City Content"")",,
sheet,Calendar Events,"=HYPERLINK(""https://docs.google.com/spreadsheets/d/1xaXAQ-dBVdf9HUsSfySwjSxYJsalDX1QmyxgIgsLQos/edit#gid=1595629682"", IMAGE(""https://api.qrserver.com/v1/create-qr-code/?size=150x150&data=https://docs.google.com/spreadsheets/d/1xaXAQ-dBVdf9HUsSfySwjSxYJsalDX1QmyxgIgsLQos/edit#gid=1595629682"",1))",https://docs.google.com/spreadsheets/d/1xaXAQ-dBVdf9HUsSfySwjSxYJsalDX1QmyxgIgsLQos/edit#gid=1595629682,"=HYPERLINK(""https://docs.google.com/spreadsheets/d/1xaXAQ-dBVdf9HUsSfySwjSxYJsalDX1QmyxgIgsLQos/edit#gid=1595629682"",""wedding photo booth rental in Culver City Calendar Events"")",,
sheet,RSS Feeds,"=HYPERLINK(""https://docs.google.com/spreadsheets/d/1xaXAQ-dBVdf9HUsSfySwjSxYJsalDX1QmyxgIgsLQos/edit#gid=1480246654"", IMAGE(""https://api.qrserver.com/v1/create-qr-code/?size=150x150&data=https://docs.google.com/spreadsheets/d/1xaXAQ-dBVdf9HUsSfySwjSxYJsalDX1QmyxgIgsLQos/edit#gid=1480246654"",1))",https://docs.google.com/spreadsheets/d/1xaXAQ-dBVdf9HUsSfySwjSxYJsalDX1QmyxgIgsLQos/edit#gid=1480246654,"=HYPERLINK(""https://docs.google.com/spreadsheets/d/1xaXAQ-dBVdf9HUsSfySwjSxYJsalDX1QmyxgIgsLQos/edit#gid=1480246654"",""wedding photo booth rental in Culver City RSS Feeds"")",,
